latitude,longitude,index
13.5,93,1
13.25,93,1
12.75,92.75,1
12.5,92.75,1
12.25,92.75,1
13,93,1
12.5,93,1
12.75,93,1
13.5,94.25,1
13,92.75,1
13.25,92.75,1
13.75,93,1
12.25,93.75,1
13.5,92.75,1
12.25,94,1
12.75,92.5,1
13.5,93.25,1
12.5,92.5,1
13.75,93.25,1
13,92.5,1
13.25,93.25,1
13.25,94.25,1
13.75,92.75,1
12.5,93.75,1
13,93.25,1
13.5,94.5,1
12.5,94,1
13.5,94,1
13.25,92.5,1
12.75,93.25,1
13.75,94.25,1
12,93.75,1
12,94,1
13.25,94.5,1
13.25,94,1
13.5,92.5,1
14,93,1
12.25,93.5,1
14,93.25,1
13.75,94.5,1
13.75,94,1
12.25,94.25,1
12.5,93.5,1
13.75,93.5,1
13.5,93.5,1
12.75,92.25,1
14,92.75,1
12.5,92.25,1
13.75,92.5,1
13.25,93.5,1
13,92.25,1
13,94.25,1
12.5,94.25,1
12,92.75,2
12,93,2
11.75,92.75,2
10.75,92.5,2
10.5,92.5,2
11.5,92.25,2
11,92.25,2
11.5,92.75,2
12.25,93,2
11.25,92.75,2
11.75,92.5,2
11.5,92.5,2
11.75,93,2
12,92.5,2
11,92.75,2
11,92.5,2
10.75,92.25,2
11.25,92.5,2
10.5,92.25,2
12.25,93.25,2
11.75,92.25,2
10.75,92.75,2
12.25,92.5,2
11.75,93.25,2
12,93.25,2
10.5,92.75,2
11.5,92,2
11,92,2
12.5,93.25,2
11.75,92,2
10.25,92.5,2
11.25,92.25,2
11.5,93,2
11.25,93,2
12,92.25,2
11,93,2
10.75,92,2
10.25,92.25,2
11.5,93.25,2
11.25,92,2
10.25,92.75,2
10.5,92,2
12.25,92.25,2
12,93.5,2
10.75,93,2
11.75,93.5,2
10.5,93,2
11.5,91.75,2
8,93.5,3
8.25,93.25,3
8.25,93.5,3
9.25,92.75,3
8.5,93,3
8,93.25,3
8.25,93,3
8.5,93.5,3
8.5,93.75,3
9,92.75,3
8,93.75,3
8.25,93.75,3
9.25,93,3
8.5,93.25,3
8.75,93.5,3
9.25,92.5,3
9,93,3
8.75,93.75,3
9.5,92.75,3
8,93,3
9,92.5,3
8.5,92.75,3
8.75,93,3
8.25,92.75,3
9.5,93,3
8.75,93.25,3
9.5,92.5,3
8.5,94,3
8.75,92.75,3
8.25,94,3
8,94,3
8,92.75,3
9.25,93.25,3
9,93.5,3
8.75,94,3
8.75,92.5,3
9,93.75,3
9,93.25,3
15.75,77.25,4
15.75,77.5,4
15.75,77.75,4
15.75,78,4
15.5,77,4
15.5,77.25,4
15.5,77.5,4
15.5,77.75,4
15.5,78,4
15.25,77.25,4
15.25,77.5,4
15.75,78.25,5
15.75,78.5,5
15.75,78.75,5
15.5,78.25,5
15.5,78.5,5
15.5,78.75,5
15.25,77.75,5
15.25,78,5
15.25,78.25,5
15.25,78.5,5
16,78.5,5
16,78.75,5
15.75,79,6
15.75,79.25,6
15.75,79.5,6
15.75,79.75,6
15.5,79,6
15.5,79.25,6
15.5,79.5,6
15.5,79.75,6
15.5,80,6
15.25,78.75,6
15.25,79,6
15.25,79.25,6
15.25,79.5,6
15.25,79.75,6
15.25,80,6
16.25,79.5,6
16,79,6
16,79.25,6
16,79.5,6
15.5,80.25,6
15.25,80.25,6
15.5,80.5,6
15.25,80.5,6
15.75,80,7
15.75,80.25,7
16,80,7
16,80.25,7
16,80.75,7
15.75,80.75,7
15.75,80.5,7
15.5,80.75,7
15.75,81,8
16.5,80.75,8
16.5,81,8
16.25,81,8
16,81,8
16.25,81.25,8
16,81.25,8
16.25,81.5,8
15.5,81,8
15.75,81.25,8
16,81.5,8
15.5,81.25,8
15.75,81.5,8
15,77,9
15,77.25,9
15,77.5,9
15,77.75,9
15,78,9
14.75,77,9
14.75,77.25,9
14.75,77.5,9
14.75,77.75,9
14.75,78,9
14.5,77,9
14.5,77.25,9
14.5,77.5,9
14.25,77,9
15,78.25,10
15,78.5,10
15,78.75,10
15,79,10
14.75,78.25,10
14.75,78.5,10
14.75,78.75,10
14.75,79,10
14.5,78,10
14.5,78.25,10
14.5,78.5,10
14.5,78.75,10
14.5,79,10
14.5,79.25,10
14.25,78.5,10
15,79.25,11
15,79.5,11
15,79.75,11
15,80,11
14.75,79.25,11
14.75,79.5,11
14.75,79.75,11
14.75,80,11
14.5,79.5,11
14.5,79.75,11
14.5,80,11
14.25,79.5,11
14.25,79.75,11
14.25,80,11
14.5,80.25,11
14.75,80.25,11
15,80.25,11
14.5,80.5,11
14.75,80.5,11
14.25,80.5,11
15,80.5,11
14.5,77.75,12
14.25,77.75,12
14.25,78,12
14.25,78.25,12
14,77,12
14,77.25,12
14,77.5,12
14,77.75,12
14,78,12
14,78.25,12
13.75,77,12
13.75,77.5,12
14.25,78.75,13
14.25,79,13
14.25,79.25,13
14,78.5,13
14,78.75,13
14,79,13
14,79.25,13
13.75,78.25,13
13.75,78.5,13
13.75,78.75,13
13.75,79,13
13.5,78.5,13
14,79.5,14
14,79.75,14
14,80,14
13.75,79.25,14
13.75,79.5,14
13.75,79.75,14
13.75,80,14
13.5,79,14
13.5,79.25,14
13.5,79.5,14
13.5,79.75,14
13.5,80,14
13.5,80.25,14
13.75,80.25,14
14,80.25,14
14.25,80.25,14
13.75,80.5,14
14,80.5,14
13.5,78.75,15
13.25,78.75,15
13.25,79,15
13.25,79.25,15
13.25,79.75,15
13,78.5,15
12.75,78.25,15
12.75,78.5,15
19,83.5,16
18.75,83.25,16
18.75,83.5,16
18.75,83.75,16
19,84.5,17
18.75,84,17
18.75,84.25,17
18.75,84.5,17
18.5,84,17
18.5,84.25,17
18.25,83.75,17
18.25,84,17
19,84.75,17
18,83.75,17
18.25,84.25,17
18.5,84.5,17
18.75,84.75,17
18,84,17
18.25,84.5,17
18,84.25,17
18.5,84.75,17
18.75,85,17
17.75,84,17
18.5,82.5,18
18.25,82.5,18
18.25,82.75,18
18.25,83,18
18.25,83.25,18
18,82,18
18,82.5,18
18,82.75,18
17.75,81.25,18
17.75,81.5,18
17.75,81.75,18
17.75,82,18
17.75,82.25,18
17.75,82.5,18
17.5,81.5,18
17.5,81.75,18
17.5,82,18
17.5,82.25,18
17.25,81.75,18
18.5,83.25,19
18.5,83.5,19
18.5,83.75,19
18.25,83.5,19
18,83.25,19
18,83.5,19
17.75,83.75,19
18,83,20
17.75,82.75,20
17.75,83,20
17.5,82.75,20
17.5,83,20
17.25,82.75,20
17.25,83,20
17,82.75,20
17,83,20
17.75,83.25,21
17.5,83.25,21
17.75,83.5,21
17.5,83.5,21
17.25,83.25,21
17.25,83.5,21
17.5,83.75,21
17.5,81.25,22
17.25,81.25,22
17.25,81.5,22
17,81,22
17,81.25,22
16.75,80.75,22
16.75,81,22
16.75,81.25,22
16.5,81.25,22
17.5,82.5,23
17.25,82,23
17.25,82.25,23
17.25,82.5,23
17,82.25,23
16.75,82.25,23
17,82.5,23
17,80.25,24
17,80.5,24
17,80.75,24
16.75,80.25,24
16.75,80.5,24
17,81.5,25
17,81.75,25
17,82,25
16.75,81.75,25
16.75,81.5,26
16.5,81.5,26
16.5,81.75,26
16.75,82,27
16.5,82,27
16.5,82.25,27
16.25,81.75,27
16.75,82.5,27
16.25,82,27
16.5,82.5,27
16.25,82.25,27
16,81.75,27
16.25,82.5,27
16.75,82.75,27
16,82,27
16.5,82.75,27
16.5,79.25,28
16.5,79.5,28
16.5,79.75,28
16.5,80,28
16.5,80.25,28
16.25,79.25,28
16.25,79.75,28
16.25,80,28
16.25,80.25,28
16,79.75,28
16.5,80.5,29
16.25,80.5,29
16.25,80.75,29
16,80.5,29
29.25,94.75,30
29,94.5,30
29,94.75,30
29,95,30
28.75,94.75,30
28.75,95,30
28.75,95.25,30
28.5,95.25,30
28.25,95.25,30
29.25,94.5,30
29.25,95,30
29.25,94.25,30
29.25,95.25,30
29.5,94.75,30
29.5,94.5,30
29.25,94,30
29.5,95,30
29.5,94.25,30
29.5,95.25,30
29.75,94.75,30
29.75,94.5,30
29.5,94,30
29.25,95.75,31
29.25,96,31
29,95.25,31
29,95.5,31
29,95.75,31
29,96,31
28.75,95.5,31
28.75,95.75,31
28.75,96,31
28.75,96.25,31
28.75,96.5,31
28.5,95.75,31
28.5,96.25,31
29.25,96.25,31
29,96.5,31
29,96.25,31
29.25,95.5,31
29.5,96,31
29.25,96.5,31
28.75,96.75,31
29.5,95.75,31
29.5,96.25,31
29,96.75,31
29.5,96.5,31
29.5,95.5,31
29.75,96,31
29.25,96.75,31
29.75,96.25,31
29.75,95.75,31
29.5,96.75,31
29,97,31
29.75,95.5,31
29,94.25,32
28.75,94,32
28.75,94.25,32
28.5,94.25,32
28.5,94.5,32
29,94,32
29,93.75,32
29.25,93.75,32
28.75,94.5,33
28.5,94.75,33
28.5,95,33
28.25,95,33
28.5,93.5,34
28.5,93.75,34
28.5,94,34
28.25,94,34
28.25,94.25,34
28,94,34
28,94.25,34
28,94.5,34
28.5,93.25,34
28.75,93.5,34
28.75,93.75,34
28.75,93.25,34
29,93.5,34
28.75,93,34
29,93.25,34
28.5,95.5,35
28.5,96,35
28.25,95.75,35
28.25,96,35
28.25,96.25,35
28,95.75,35
28.25,93.25,36
28,92.75,36
28,93,36
28,93.25,36
28,93.5,36
27.75,93.25,36
27.75,93.5,36
28.25,93,36
28.25,92.75,36
28.5,93,36
28.25,92.5,36
28.5,92.75,36
28.5,92.5,36
28.25,93.5,37
28.25,93.75,37
28,93.75,37
27.75,93.75,37
28.25,94.5,38
28.25,94.75,38
28.25,95.5,39
28,95.25,39
28,95.5,39
28.25,96.5,40
28.25,96.75,40
28.25,97,40
28,96.5,40
28,96.75,40
28,97,40
27.75,96.75,40
27.75,97,40
28.5,96.5,40
28.5,96.75,40
28.5,97,40
28.75,97,40
28,94.75,41
28,95,42
27.75,94.5,42
27.75,94.75,42
28,96,43
28,96.25,43
27.75,96.25,43
27.75,96.5,43
27.75,91.75,44
27.75,92,44
27.75,92.25,44
27.5,91.75,44
27.5,92,44
27.75,91.5,44
27.5,91.5,44
28,92.25,44
28,91.5,44
28,91.75,44
27.25,91.75,44
28,92,44
27.25,91.5,44
27.75,91.25,44
27.5,91.25,44
28,91.25,44
28.25,92.25,44
28.25,91.5,44
28.25,91.75,44
28.25,92,44
27.75,92.5,45
27.75,92.75,45
27.75,93,45
27.5,92.75,45
27.5,93,45
27.5,93.25,45
28,92.5,45
27.75,94,46
27.75,94.25,46
27.75,96,47
27.5,92.25,48
27.5,92.5,48
27.25,92.25,48
27.25,92.5,48
27.25,92.75,48
27,92.25,48
27,92.5,48
27.25,92,48
27,92,48
27.5,93.5,49
27.5,94,49
27.25,93.25,49
27.25,93.5,49
27.25,93.75,49
27,93.5,49
27.5,93.75,50
27.5,96,51
27.5,96.25,51
27.5,96.5,51
27.5,96.75,51
27.25,95.75,51
27.25,96,51
27.25,97,51
27,95.75,51
27.25,96.25,51
27.25,96.5,51
27.5,97,51
27,96,51
27.25,96.75,51
27,97,51
26.75,95.75,51
27,96.75,51
27,96.25,51
27,96.5,51
26.75,96,51
26.75,97,51
26.75,96.25,51
26.75,96.75,51
26.5,96,51
27.25,93,52
27,93,52
27,93.25,52
27,95.25,53
26.75,95.25,53
26.75,95.5,53
26.5,95.5,53
27,95.5,54
26.5,95.75,54
27,94.75,55
27,94.5,55
27.75,95,56
27.75,95.25,56
27.5,94.5,56
27.5,94.75,56
27.75,95.5,57
27.75,95.75,57
27.5,95.25,57
27.5,95.5,57
27.5,95.75,57
27.25,95.5,57
27.5,94.25,58
27.25,94,58
27.25,94.25,58
27.25,94.5,58
27,93.75,58
27,94,58
27.5,95,59
27.25,94.75,59
27.25,95,59
27.25,95.25,59
27,92.75,60
26.75,92.5,60
26.75,92.75,60
27,94.25,61
27,95,62
26.75,90.25,63
26.5,90,63
26.5,90.25,63
26.25,90,63
26.75,90,63
27,90.25,63
27,90,63
27.25,90,63
26.75,90.5,64
26.75,90.75,64
26.5,90.5,64
26.5,90.75,64
27,90.5,64
27,90.75,64
27.25,90.5,64
27.25,90.25,64
27.25,90.75,64
26.75,91,65
26.75,91.25,65
27,91.25,65
27,91,65
27.25,91.25,65
27.25,91,65
26.75,91.5,66
26.5,91.75,66
27,91.5,66
26.75,91.75,67
26.75,92,67
26.75,92.25,67
27,91.75,67
26.75,93,68
26.75,93.25,68
26.75,93.5,69
26.75,93.75,69
26.75,94,69
26.5,94,69
26.25,94,69
26.75,94.25,70
26.75,94.5,70
26.5,91,71
26.5,91.25,71
26.5,91.5,72
26.25,91.25,72
26.5,92,73
26.5,92.25,73
26.5,92.5,74
26.5,92.75,74
26.5,93,74
26.25,92.5,74
26.25,92.75,74
26.5,93.25,75
26.5,93.5,75
26.5,93.75,75
26.25,93,75
26.25,93.25,75
26.25,93.5,75
26.25,93.75,75
26,93.25,75
26,93.5,75
26,93.75,75
25.75,93.25,75
25.75,93.5,75
26.25,89.75,76
26.25,90.25,76
26,90,76
26,89.75,76
26.25,90.5,77
26.25,90.75,78
26.25,91,78
26.25,91.5,79
26.25,91.75,79
26,91.25,79
26,91.5,79
25.75,91.25,79
26.25,92,80
26.25,92.25,80
26,90.25,81
26,90.5,81
26,90.75,81
26,91,81
26,92.25,82
26,92.5,82
26,92.75,82
25.75,92.25,82
25.75,92.5,82
25.75,92.75,82
26,93,83
25.75,93,84
25.5,92.75,84
25.5,93,84
25.5,93.25,84
25.25,93,84
25.25,93.25,84
25,93.25,84
25,92.5,85
25,92.75,85
25,93,85
24.75,92.75,85
24.75,93,85
24.5,93,85
24.75,92.5,86
24.5,92.25,86
24.5,92.5,86
24.75,92.25,86
24.75,92,86
24.5,92.75,87
24.25,92.5,87
25.75,89.75,88
25.5,89.75,88
27.25,84,89
27.25,84.25,89
27.25,84.5,89
27,84.25,89
27,84.5,89
27,84.75,89
26.75,84.25,89
26.75,84.5,89
27.5,84.25,89
27.5,84,89
27.25,84.75,89
27.5,84.5,89
27.5,84.75,89
27.75,84,89
27.75,84.25,89
27.75,84.5,89
27.5,85,89
27.75,84.75,89
26.75,84.75,90
26.75,85,90
26.75,85.25,90
26.5,84.75,90
26.5,85,90
27,85,90
27,85.25,90
27.25,85,90
27.25,85.25,90
26.75,85.5,91
26.5,85.5,91
26.5,85.75,91
26.75,85.75,91
27,85.5,91
27,85.75,91
27,86,91
27.25,85.75,91
27.25,85.5,91
26.5,84,92
26.5,84.25,92
26.5,84.5,92
26.25,84.75,92
26.5,85.25,93
26.5,86,94
26.5,86.25,94
26.5,86.5,94
26.25,86.25,94
26.25,86.5,94
26.75,86,94
26.75,86.25,94
26.75,86.5,94
27,86.25,94
27,86.5,94
26.5,87,95
26.25,86.75,95
26.25,87,95
26.5,86.75,95
26.75,86.75,95
26.25,84.25,96
26.25,84.5,96
26,84.25,96
26.25,85,97
26.25,85.25,97
26.25,85.5,97
26,85.5,97
26.25,85.75,98
26.25,86,98
26,86,98
26,86.25,98
26.25,87.25,99
26.25,87.5,99
26,87.25,99
26,87.5,99
26.5,87.5,99
26.5,87.25,99
26.75,87,99
26.75,87.25,99
26.75,87.5,99
27,87,99
27,87.25,99
26.25,87.75,100
26.25,88,100
26.5,87.75,100
26.5,88,100
26.75,87.75,100
26,84.5,101
26,84.75,101
26,85,101
25.75,84.75,101
25.75,85,101
26,85.25,102
25.75,85.25,102
25.75,85.5,102
25.5,85.5,102
26,85.75,103
25.75,85.75,103
25.75,86,103
25.75,86.25,103
26,86.5,104
25.75,86.5,104
25.75,86.75,104
26,86.75,105
26,87,105
25.75,87,105
25.5,87,105
26,87.75,106
25.75,87.25,106
25.75,87.5,106
25.75,87.75,107
25.5,87.25,107
25.5,87.5,107
25.5,87.75,107
25.5,88,107
25.5,84,108
25.5,84.25,108
25.5,84.5,109
25.5,84.75,109
25.25,84.5,109
25.5,85,110
25.5,85.25,110
25.5,85.75,110
25.5,86,111
25.5,86.25,111
25.5,86.5,112
25.5,86.75,112
25.25,83.5,113
25.25,83.75,113
25,83.5,113
25,83.75,113
24.75,83.5,113
24.75,83.75,113
25.25,84,114
25.25,84.25,114
25,84,114
25,84.25,114
24.75,84,114
25.25,84.75,115
25.25,85,116
25.25,85.25,117
25.25,85.5,117
25.25,85.75,118
25.25,86,119
25.25,86.25,119
25,86,119
25.25,86.5,120
25,86.5,120
25.25,86.75,121
25.25,87,121
25.25,87.25,121
25,84.5,122
24.75,84.25,122
24.75,84.5,122
25,84.75,123
25,85,123
25,85.25,123
24.75,84.75,123
24.75,85,123
24.75,85.25,123
24.5,84.5,123
24.5,84.75,123
24.5,85,123
24.5,85.25,123
25,85.5,124
25,85.75,124
24.75,85.5,124
25,86.25,125
24.75,86.25,125
24.75,86.5,125
24.5,86.5,125
25,86.75,126
25,87,126
24.75,86.75,126
24.75,87,126
30.75,76.75,127
24,83.25,128
24,83.5,128
23.75,83.25,128
23.75,83.5,128
23.5,83.5,128
23.5,83.75,128
23.5,84,128
23.25,83.25,128
23.25,83.5,128
23.25,83.75,128
23.25,84,128
23.75,81.75,129
23.75,82,129
23.75,82.25,129
23.5,82,129
23.5,82.25,129
23.25,82.25,129
23,82.25,129
23,82.5,129
23.75,82.5,130
23.5,82.5,130
23.25,82.5,130
23.75,82.75,131
23.75,83,131
23.5,82.75,131
23.5,83,131
23.5,83.25,131
23.25,82.75,131
23.25,83,131
23,82.75,131
23,82,132
22.75,82,132
23,83,133
23,83.25,133
23,83.5,133
22.75,83,133
22.75,83.5,133
23,83.75,134
23,84,134
22.75,83.75,134
22.75,84,134
22.5,83.75,134
22.75,82.25,135
22.75,82.5,135
22.75,82.75,135
22.5,82.25,135
22.5,82.5,135
22.5,82.75,135
22.5,83,135
22.25,82.75,135
22.75,83.25,136
22.5,83.25,136
22.5,83.5,136
22.25,83,136
22.25,83.25,136
22.25,83.5,136
22.25,83.75,136
22,83.25,136
22,83.5,136
22.5,81.5,137
22.5,81.75,137
22,81.75,137
22.5,82,138
22.25,81.75,138
22.25,82,138
22.25,82.25,138
22,82,138
22,82.25,138
22.25,81.25,139
22.25,81.5,139
22,81,139
22,81.25,139
21.75,81,139
21.75,81.25,139
22.25,82.5,140
22,82.5,140
22,82.75,140
21.75,82.5,140
21.75,82.75,140
22,81.5,141
21.75,81.5,141
21.5,81.5,141
22,83,142
21.75,83,142
21.75,83.25,142
21.75,80.75,143
21.5,80.75,143
21.5,81,143
21.25,81,143
21.75,81.75,144
21.75,82,144
21.75,82.25,144
21.5,82,144
21.5,82.25,144
21.5,82.5,144
21.5,81.25,145
21.25,81.25,145
21.25,81.5,145
21,81.5,145
21.5,81.75,146
21.25,81.75,146
21.25,82,146
21.5,82.75,147
21.25,82.25,147
21.25,82.5,147
21.25,82.75,147
21.25,83,147
21,82.25,147
21,82.5,147
21.5,83,148
21.5,83.25,148
21.25,80.75,149
21,80.5,149
21,80.75,149
21,81,150
21,81.25,150
20.75,81,150
20.75,81.25,150
20.5,81,150
20.5,81.25,150
21,81.75,151
20.75,81.5,151
20.75,81.75,151
20.5,81.75,151
20.5,82,151
20.25,82,151
21,82,152
20.75,82,152
20.75,82.25,152
20.5,82.25,152
20.25,82.25,152
20,82.25,152
20,82.5,152
20.75,80.75,153
20.5,80.75,153
20.25,80.5,153
20.5,81.5,154
20.25,80.75,154
20.25,81,154
20.25,81.25,154
20.25,81.5,154
20.25,81.75,154
20,80.75,154
20,81,154
20,81.25,154
20,81.5,155
20,81.75,155
19.75,81.5,155
19.75,81.75,155
19.75,82,155
19.5,81.5,155
19.5,81.75,155
19.5,82,155
19.25,81.5,155
19.75,80.75,156
19.75,81,156
19.75,81.25,156
19.5,81,156
19.5,81.25,156
19.25,81,156
19.25,80.5,157
19.25,80.75,157
19.25,81.25,157
19,80.5,157
19,80.75,157
19,81,157
18.75,80.5,157
18.75,80.75,157
18.75,81,157
18.5,80.75,157
18.5,81,157
18.25,81,157
19.25,81.75,158
19.25,82,158
19,81.5,158
19,81.75,158
19,82,158
18.75,82,158
19,81.25,159
18.75,81.25,159
18.75,81.5,159
18.75,81.75,159
18.5,81.25,160
18.5,81.5,160
18.5,81.75,160
18.25,81.25,160
18.25,81.5,160
18,81,160
18,81.25,160
20.25,73,161
20.5,72.75,162
20.5,71,163
20.5,71.25,163
20.25,71,163
28.75,77,164
28.75,77.25,165
28.5,77.25,166
15.5,74,167
15.5,74.25,167
15.5,73.75,167
15.5,73.5,167
15.25,74,168
15.25,74.25,168
15,74.25,168
15,74,168
15.25,73.75,168
15,73.75,168
15.25,73.5,168
15,73.5,168
24.5,71.25,169
24.25,69.25,169
24.25,69.5,169
24.25,70.25,169
24.25,70.5,169
24.25,71,169
24.25,71.25,169
24,69,169
24,69.25,169
24,69.5,169
24,69.75,169
24,70,169
24,70.25,169
24,70.5,169
24,70.75,169
24,71,169
24,71.25,169
23.75,68.75,169
23.75,69,169
23.75,69.25,169
23.75,69.5,169
23.75,69.75,169
23.75,70,169
23.75,70.25,169
23.75,70.5,169
23.75,70.75,169
23.75,71,169
23.5,68.75,169
23.5,69,169
23.5,69.25,169
23.5,69.5,169
23.5,69.75,169
23.5,70,169
23.5,70.25,169
23.5,70.5,169
23.5,70.75,169
23.5,71,169
23.5,71.25,169
23.5,71.5,169
23.25,68.75,169
23.25,69,169
23.25,69.25,169
23.25,69.5,169
23.25,69.75,169
23.25,70,169
23.25,70.25,169
23.25,70.5,169
23.25,70.75,169
23.25,71,169
23.25,71.25,169
23.25,71.5,169
23,69,169
23,69.25,169
23,69.5,169
23,69.75,169
23,70,169
24.5,71,169
24,68.75,169
24.25,68.75,169
24.25,69,169
23,70.25,169
22.75,69.5,169
24.25,70.75,169
22.75,69.75,169
24.25,69.75,169
22.75,69.25,169
24.25,70,169
23,68.75,169
24.5,70.5,169
22.75,70,169
24.5,70.25,169
24.5,70.75,169
22.75,69,169
24.5,68.75,169
24.5,69,169
24.5,69.5,169
24.5,69.25,169
24.5,70,169
24.5,69.75,169
22.75,68.75,169
24.75,70.5,169
24.75,70.25,169
24.75,68.75,169
24.75,69,169
24.5,71.5,170
24.5,71.75,170
24.5,72,170
24.5,72.25,170
24.25,71.5,170
24.25,71.75,170
24.25,72,170
24.25,72.25,170
24.25,72.5,170
24.25,72.75,170
24.25,73,170
24,71.5,170
24,71.75,170
24,72,170
24,72.5,170
24,72.25,171
23.75,71.25,171
23.75,71.5,171
23.75,71.75,171
23.75,72,171
23.75,72.25,171
23.5,71.75,171
24,72.75,172
23.75,72.5,172
23.75,72.75,172
23.5,72,172
23.5,72.25,172
23.5,72.5,172
23.25,72.25,172
24,73,173
24,73.25,173
23.75,73,173
23.5,73,173
23.75,73.25,174
23.5,73.25,174
23.5,73.5,174
23.25,73,174
23.25,73.25,174
23.5,72.75,175
23.25,72.5,175
23.25,72.75,175
23.25,71.75,176
23,71.5,176
23,71.75,176
23,72,176
22.75,71.25,176
22.75,71.5,176
22.75,71.75,176
22.75,72,176
22.5,71.25,176
22.5,71.5,176
22.5,71.75,176
23.25,72,177
23,72.25,177
23,72.5,177
23,72.75,177
22.75,72.25,177
22.75,72.5,177
22.5,72,177
22.5,72.25,177
22.25,72,177
22.25,72.25,177
22,72.25,177
23.25,73.5,178
23.25,73.75,178
23,73.5,178
23.25,74,179
23,74,179
23,74.25,179
22.75,74,179
22.75,74.25,179
23,70.75,180
23,71,180
23,71.25,180
22.75,70.75,180
22.75,71,180
22.5,70.75,180
22.5,71,180
23,70.5,180
23,73,181
23,73.25,181
22.75,72.75,181
22.75,73,181
22.75,73.25,181
23,73.75,182
22.75,73.5,182
22.75,73.75,182
22.5,73.5,182
22.75,70.5,183
22.5,70,183
22.5,70.25,183
22.5,70.5,183
22.25,70,183
22.25,70.25,183
22.25,70.5,183
22,70,183
22,70.25,183
22.75,70.25,183
22.5,72.5,184
22.5,72.75,184
22.5,73,184
22.25,72.5,184
22.25,72.75,184
22.5,73.25,185
22.25,73,185
22.25,73.25,185
22.25,73.5,185
22,73.25,185
22,73.5,185
22.5,73.75,186
22.5,74,186
22.25,73.75,186
22.25,74,186
22,73.75,186
22,74,186
22.25,69,187
22.25,69.25,187
22.25,69.5,187
22.25,69.75,187
22,69.25,187
22,69.5,187
22,69.75,187
22.5,69.75,187
22.5,69,187
22.5,69.25,187
22.5,69.5,187
22,69,187
21.75,69.25,187
22.25,68.75,187
22.5,68.75,187
21.75,69,187
22,68.75,187
22.25,70.75,188
22.25,71,188
22.25,71.25,188
22,70.5,188
22,70.75,188
22,71,188
21.75,70.25,188
21.75,70.5,188
21.75,70.75,188
21.75,71,188
22.25,71.5,189
22.25,71.75,189
22,71.5,189
22,71.25,190
21.75,71.25,190
21.75,71.5,190
21.5,71,190
21.5,71.25,190
21.25,71,190
21.25,71.25,190
21.25,71.5,190
21,71.25,190
21,71.5,190
20.75,71.25,190
20.75,71.5,190
20.75,71.75,190
20.5,71.5,190
20.5,71.75,190
22,71.75,191
22,72,191
21.75,71.75,191
21.75,72,191
21.5,71.5,191
21.5,71.75,191
21.5,72,191
21.5,72.25,191
21.25,71.75,191
21.25,72,191
21.75,72.25,191
21,71.75,191
21,72,191
21.25,72.25,191
21,72.25,191
20.75,72,191
20.75,72.25,191
22,72.75,192
22,73,192
21.75,72.75,192
21.75,73,192
21.75,73.25,192
21.5,72.75,192
21.5,73.25,192
22,72.5,192
21.75,72.5,192
21.5,72.5,192
21.75,69.5,193
21.75,69.75,193
21.75,70,193
21.5,69.75,193
21.25,70,193
21.25,69.75,193
21.5,69.5,193
21.5,69.25,193
21.25,69.5,193
21.75,73.5,194
21.75,73.75,194
21.5,73.5,194
21.5,73.75,194
21.5,70,195
21.5,70.25,195
21.5,70.5,195
21.5,70.75,195
21.25,70.25,195
21.25,70.5,195
21.25,70.75,195
21,70.75,195
21,71,195
21,70,195
21,69.75,195
20.75,70,195
21.5,73,196
21.25,72.75,196
21.25,73,196
21.25,73.25,196
21.25,72.5,196
21,72.5,196
21.5,74,197
21.5,74.25,197
21.25,73.5,197
21.25,73.75,197
21,73.25,197
21,73.5,197
21,70.25,198
21,70.5,198
20.75,70.75,198
20.75,71,198
20.75,70.5,198
20.75,70.25,198
20.5,70.75,198
20.5,70.5,198
20.5,70.25,198
20.25,70.75,198
21,72.75,199
21,73,199
20.75,73,199
20.75,73.25,199
20.75,72.75,199
20.75,72.5,199
21,73.75,200
20.75,73.5,200
20.75,73.75,200
20.5,73,201
20.5,73.25,201
20.25,72.75,201
20.25,73.25,201
20.25,72.5,201
20.5,72.5,201
30.75,77,202
30.5,77,202
30.25,76.75,203
30.25,77,203
30.25,77.25,204
30.25,77.5,204
30,77.25,204
30,76.25,205
29.75,76.25,205
29.75,76.5,205
30,76.5,206
30,76.75,206
30,77,206
29.75,74.5,207
29.75,74.75,207
29.75,75,207
29.5,74.75,207
29.5,75,207
29.5,75.25,207
29.75,75.5,208
29.75,75.75,208
29.5,75.5,208
29.5,75.75,208
29.75,76.75,209
29.75,77,209
29.5,76.75,209
29.5,77,209
29.5,76,210
29.5,76.25,210
29.5,76.5,210
29.25,76.25,210
29.25,76.5,210
29.25,75.5,211
29.25,75.75,211
29.25,76,211
29,75.75,211
29.25,76.75,212
29,76.75,212
29,77,212
29.25,77,213
29,76,214
28.75,75.75,214
28.75,76,214
28.75,76.25,214
28.5,75.75,214
29,76.25,215
29,76.5,215
28.75,76.5,215
28.75,76.75,216
28.5,76.5,216
28.5,76.75,216
28.5,76,217
28.5,76.25,217
28.5,77,218
28.25,76.75,218
28.25,76.25,219
28,76,219
28.25,76.5,220
28.25,77,221
28,77,221
27.75,77,221
28.25,77.25,222
28.25,77.5,222
28,77.25,222
28,77.5,222
33,76.25,223
33,76.5,223
33,76.75,223
32.75,76,223
32.75,76.25,223
32.5,76,223
32.5,76.25,223
32.5,76.5,223
32.5,76.75,223
32.25,76.5,223
32.25,76.75,223
32.75,76.5,224
32.75,76.75,224
32.75,77,224
32.75,77.25,224
32.75,77.5,224
32.75,77.75,224
32.5,77,224
32.5,77.25,224
32.5,77.5,224
32.5,77.75,224
32.5,78,224
32.5,78.25,224
32.25,77.5,224
32.25,77.75,224
32.25,78,224
32.25,78.25,224
32,78,224
32,78.25,224
32.25,78.5,224
32.5,78.5,224
32.25,78.75,224
32.25,75.75,225
32.25,76,225
32.25,76.25,225
32.25,77,225
32,76,225
32,76.25,225
32,76.5,225
31.75,76.25,225
32.25,77.25,226
32,77,226
32,77.25,226
32,77.5,226
32,77.75,226
31.75,77.25,226
31.75,77.5,226
31.75,77.75,226
31.5,77.5,226
32,76.75,227
31.75,76.75,227
31.75,77,227
31.5,77,227
31.5,77.25,227
32,78.5,228
32,78.75,228
31.75,78,228
31.75,78.25,228
31.75,78.5,228
31.5,78,228
31.5,78.25,228
31.5,78.5,228
31.25,78.5,228
31.25,78.75,228
31.75,78.75,228
31.5,78.75,228
31.75,79,228
32,79,228
31.75,76,229
31.5,76.25,229
31.75,76.5,230
31.5,76.5,230
31.5,76.75,231
31.25,76.75,231
31.5,77.75,232
31.25,77.25,232
31.25,77.5,232
31.25,77.75,232
31.25,78,232
31.25,78.25,232
31,77.25,232
31,77.5,232
31,77.75,232
31.25,77,233
31,76.75,233
31,77,233
30.75,77.25,234
30.75,77.5,234
30.5,77.25,234
30.5,77.5,234
30.5,77.75,234
34.75,73.75,235
34.75,74,235
34.75,74.25,235
34.5,73.5,235
34.5,73.75,235
34.25,73.5,235
34.25,73.75,235
34,74,235
34.75,73.5,235
34.5,73.25,235
34.25,73.25,235
34.75,73.25,235
34.25,73,235
34.5,73,235
34.75,73,235
34.75,74.5,236
34.5,74,236
34.5,74.25,236
34.5,74.5,236
34.75,74.75,237
34.75,75,237
34.75,75.25,237
34.5,74.75,237
34.5,75,237
34.5,75.25,237
34.25,74,238
34.25,74.25,238
34.25,74.5,238
34.25,74.75,239
34.25,75,239
34.25,75.25,239
34,73.75,240
34,74.25,240
33.75,73.75,240
33.75,74,240
33.75,74.25,240
34,73.5,240
33.75,73.5,240
34,73.25,240
33.75,73.25,240
34,73,240
34,74.5,241
34,74.75,241
33.75,74.5,241
34,75,242
34,75.25,243
33.75,75.25,243
33.5,75.25,243
34,75.5,244
34,75.75,244
33.75,75.5,244
33.75,75.75,244
33.75,76,244
33.75,76.25,244
33.5,75.5,244
33.5,75.75,244
33.5,76,244
33.5,76.25,244
33.5,76.5,244
33.25,75.75,244
33.25,76,244
33.25,76.25,244
33.25,76.5,244
33.25,76.75,244
33.75,74.75,245
33.75,75,246
33.5,74.75,246
33.5,73.75,247
33.5,74,247
33.25,73.75,247
33.25,74,247
33,74,247
33,74.25,247
33,73.75,247
32.75,74.25,247
33.5,73.5,247
33.25,73.5,247
33,73.5,247
32.75,74,247
32.75,73.75,247
32.5,74.25,247
33.25,73.25,247
33.5,73.25,247
32.75,73.5,247
33,73.25,247
32.5,74,247
33.5,74.25,248
33.5,74.5,248
33.25,74.25,248
33.25,74.5,248
33.5,75,249
33.25,74.75,249
33.25,75,250
33.25,75.25,250
33.25,75.5,251
33,75.5,251
33,75.75,251
33,76,251
33,74.5,252
33,74.75,252
32.75,74.75,252
32.75,75,252
32.5,74.75,252
32.75,74.5,252
32.5,74.5,252
32.25,74.75,252
32.25,74.5,252
32.25,74.25,252
33,75,253
33,75.25,253
32.75,75.25,253
32.75,75.5,254
32.75,75.75,254
32.5,75.25,254
32.5,75.5,254
32.5,75.75,254
32.5,75,255
25.25,87.5,256
25.25,87.75,256
25,87.5,256
25,87.75,256
25,87.25,257
24.75,87.25,257
24.75,85.75,258
24.5,85.5,258
24.5,85.75,258
24.75,86,259
24.5,86,259
24.5,86.25,259
24.25,86,259
24.25,86.25,259
24.25,86.5,259
24,86,259
24,86.25,259
24.75,87.5,260
24.75,87.75,260
24.5,87.75,260
24.5,83.5,261
24.5,83.75,261
24.25,83.5,261
24.25,83.75,261
24,83.75,261
23.75,83.75,261
23.75,84,261
24.5,84,262
24.5,84.25,262
24.25,84,262
24.25,84.25,262
24,84,262
24,84.25,262
24,84.5,262
24.5,86.75,263
24.25,86.75,263
24.25,87,263
24.5,87,264
24.5,87.25,264
24.5,87.5,264
24.25,87.25,264
24.25,87.5,264
24.25,84.5,265
24.25,84.75,265
24.25,85,265
24.25,85.25,265
24,85,265
23.75,85,265
24.25,85.5,266
24.25,85.75,266
24,85.25,266
24,85.5,266
24,85.75,266
23.75,85.25,266
24,84.75,267
23.75,84.25,267
23.75,84.5,267
23.75,84.75,267
23.5,84.25,267
24,86.5,268
24,86.75,268
24,87,268
23.75,85.5,269
23.5,85.75,269
23.75,85.75,270
23.75,86,270
23.5,86,270
23.5,86.25,270
23.75,86.25,271
23.75,86.5,271
23.75,86.75,271
23.5,84.5,272
23.5,84.75,272
23.5,85,273
23.5,85.25,273
23.5,85.5,273
23.25,85,273
23.25,85.25,273
23.25,85.5,273
23.25,85.75,273
23,85.75,273
23.25,84.25,274
23.25,84.5,274
23.25,84.75,274
23,84.25,274
23,84.5,274
23,84.75,274
23,85,275
23,85.25,275
23,85.5,275
23,86,276
22.75,85.75,276
22.75,86,276
22.75,84.25,277
22.75,84.5,277
22.75,84.75,277
22.75,85,277
22.5,84.25,277
22.5,84.5,277
22.5,84.75,277
22.5,85,277
22.75,85.25,278
22.75,85.5,278
22.5,85.25,278
22.5,85.5,278
22.5,85.75,278
22.25,85.25,278
22.25,85.5,278
22.25,85.75,278
22.75,86.25,279
22.5,86.25,279
22.5,86.5,279
22.5,86.75,279
22.25,86.75,279
15.75,76.25,280
15.5,76,280
15.5,76.25,280
15.5,76.5,280
15.5,76.75,280
15.25,76,280
15.25,76.25,280
16,76,280
15.75,76.5,281
15.75,76.75,281
16.5,77,281
16.25,76.5,281
16.25,76.75,281
16.25,77,281
16.25,77.25,281
16,76.5,281
16,76.75,281
16,77,281
16,77.25,281
16,77.5,281
15.75,77,282
15.25,76.75,282
15.25,77,282
15,76.5,282
15,76.75,282
15.5,74.5,283
15.5,74.75,283
16.75,75,283
16.75,75.25,283
16.5,74.5,283
16.5,74.75,283
16.25,74.5,283
16.25,74.75,283
16.25,75,283
16,74.5,283
16,74.75,283
16,75,283
16,75.25,283
15.75,74.5,283
15.75,74.75,283
15.75,75,283
15.75,75.25,283
15.5,75,284
15.5,75.25,284
15.25,75,284
15.25,75.25,284
15.5,75.5,285
15.5,75.75,285
15.25,75.5,285
15.25,75.75,285
15,75.75,285
15.75,75.5,285
15.75,75.75,285
15.75,76,285
15.25,74.5,286
15.25,74.75,286
15,74.5,286
15,74.75,286
15,75,286
14.75,74.25,286
14.75,74.5,286
14.75,74.75,286
14.75,75,286
14.5,74.5,286
14.5,74.75,286
14.5,75,286
14.25,74.5,286
14,74.5,286
14.5,74.25,286
14.75,74,286
14.25,74.25,286
14,74.25,286
14.5,74,286
14.75,73.75,286
13.75,74.25,286
14.25,74,286
14.5,73.75,286
15.25,76.5,287
15,76,287
15,76.25,287
14.75,75.75,287
14.75,76,287
14.75,76.25,287
14.75,76.5,287
15,75.25,288
15,75.5,288
14.75,75.25,288
14.75,75.5,288
14.5,75.5,288
14.75,76.75,289
14.5,76.5,289
14.5,76.75,289
14.25,76.25,289
14.25,76.5,289
14.25,76.75,289
14,76.25,289
14,76.5,289
14,76.75,289
13.75,76.25,289
13.75,76.5,289
14.5,75.25,290
14.25,74.75,290
14.25,75,290
14.25,75.25,290
14.25,75.5,290
14,74.75,290
14,75,290
14,75.25,290
14,75.5,290
14,75.75,290
13.75,75,290
13.75,75.25,290
14.5,75.75,291
14.5,76,291
14.5,76.25,291
14.25,75.75,291
14.25,76,291
14,76,291
14.25,77.25,292
14.25,77.5,292
13.75,76.75,292
13.75,77.25,292
13.5,76.5,292
13.5,76.75,292
13.5,77,292
13.5,77.25,292
13.25,76.5,292
13.25,76.75,292
13.25,77,292
13,77,292
13.75,74.75,293
13.5,74.75,293
13.5,75,293
13.25,74.75,293
13.25,75,293
13.75,74.5,293
13.5,74.5,293
13.25,74.5,293
13.5,74.25,293
13.25,74.25,293
13.75,75.5,294
13.75,75.75,294
13.75,76,294
13.5,75.25,294
13.5,75.5,294
13.5,75.75,294
13.5,76,294
13.25,75.25,294
13.25,75.5,294
13.25,75.75,294
13.75,77.75,295
13.75,78,295
13.5,77.5,295
13.5,77.75,295
13.5,78,295
13.5,76.25,296
13.25,76,296
13.25,76.25,296
13,75.75,296
13,76,296
13,76.25,296
13,76.5,296
12.75,75.75,296
12.75,76,296
12.75,76.25,296
13.5,78.25,297
13.25,78,297
13.25,78.25,297
13.25,78.5,297
13,78,297
13,78.25,297
13.25,77.25,298
13.25,77.5,298
13.25,77.75,298
13,75,299
13,75.25,299
13,75.5,299
12.75,75,299
12.75,75.25,299
12.75,75.5,299
12.5,75.5,299
13,74.75,299
12.75,74.75,299
13,74.5,299
12.75,74.5,299
13,76.75,300
12.75,76.5,300
12.75,76.75,300
12.75,77,300
12.5,76.5,300
12.5,76.75,300
12.5,77,300
12.25,77,300
13,77.25,301
12.75,77.25,301
12.5,77.25,301
12.5,77.5,301
13,77.5,302
13,77.75,302
12.75,77.5,302
12.75,77.75,302
12.5,75.75,303
12.25,75.75,303
12.25,76,303
12,76,303
12.5,76,304
12.5,76.25,304
12.25,76.25,304
12.25,76.5,304
12.25,76.75,304
12,76.25,304
12,76.5,304
12.25,77.25,305
12,76.75,305
12,77,305
12,77.25,305
12,77.5,305
11.75,76.5,305
11.75,76.75,305
18.25,77.25,306
18.25,77.5,306
18,77,306
18,77.25,306
18,77.5,306
17.75,76.75,306
17.75,77,306
17.75,77.25,306
17.75,77.5,306
17.5,76.5,307
17.5,76.75,307
17.5,77,307
17.5,77.25,307
17.5,77.5,307
17.25,76.25,307
17.25,76.5,307
17.25,76.75,307
17.25,77,307
17.25,77.25,307
17,76.5,307
17,76.75,307
17,77,307
17,77.25,307
16.75,76.5,307
17.25,75.75,308
17.25,76,308
17,75.75,308
17,76,308
17,76.25,308
16.75,75.5,308
16.75,75.75,308
16.75,76,308
16.75,76.25,308
16.5,75.5,308
16.5,75.75,308
16.5,76,308
16.5,76.25,308
16.25,76.25,308
16.75,76.75,309
16.75,77,309
16.75,77.25,309
16.5,76.5,309
16.5,76.75,309
16.5,77.25,309
16.5,75,310
16.5,75.25,310
16.25,75.25,310
16.25,75.5,310
16.25,75.75,310
16.25,76,310
16,75.5,310
16,75.75,310
16,76.25,310
12.5,75,311
12.5,75.25,311
12.25,75.25,311
12.25,75,311
12,75,311
12.5,74.75,311
12.25,74.75,311
12,74.75,311
12.5,74.5,311
12.25,75.5,312
12,75.5,312
12,75.75,312
11.75,75.5,312
12,75.25,312
11.75,75.25,312
11.75,75,312
11.5,75.25,312
11.75,75.75,313
11.5,75.75,313
11.5,76,313
11.25,75.75,313
11.5,75.5,313
11.25,75.5,313
11,75.5,313
11.25,75.25,313
11.75,76,314
11.75,76.25,314
11.5,76.25,315
11.25,76,315
11.25,76.25,315
11,76,315
11,76.25,315
10.75,76,315
11,75.75,315
10.75,75.75,315
10.75,75.5,315
11,76.5,316
10.75,76.25,316
10.75,76.5,316
10.75,76.75,316
10.5,76.5,316
10.5,76.75,316
10.5,76.25,317
10.25,76.25,317
10.5,76,317
10.25,76,317
10.5,75.75,317
10.25,75.75,317
10.25,76.5,318
10.25,76.75,318
10,76.25,318
10,76.5,318
10,76.75,318
10,76,318
9.75,76,318
10,75.75,318
10.25,77.25,319
10,77,319
10,77.25,319
9.75,77,319
9.5,77,319
9.5,77.25,319
9.75,76.5,320
9.75,76.75,320
9.5,76.75,320
9.5,76.5,321
9.25,76.5,321
9.75,76.25,321
9.5,76.25,321
9.25,76.25,321
9.5,76,321
9.25,76,321
9.25,76.75,322
9.25,77,322
9.25,77.25,322
9,76.75,323
9,77,323
9,76.5,323
8.75,76.5,323
9,76.25,323
8.75,76.25,323
8.75,76.75,324
8.75,77,324
8.5,77,324
8.25,77,324
8.5,76.75,324
8.25,76.75,324
8.5,76.5,324
8,76.75,324
34.75,75.5,325
34.75,75.75,325
34.75,76,325
34.75,76.25,325
34.75,76.5,325
34.75,77.25,325
34.75,77.5,325
34.75,77.75,325
34.75,78,325
34.75,78.25,325
34.75,78.5,325
34.75,78.75,325
34.75,79,325
34.75,79.25,325
34.75,79.5,325
34.75,79.75,325
34.75,80,325
34.5,75.5,325
34.5,76.75,325
34.5,77,325
34.5,77.25,325
34.5,77.5,325
34.5,77.75,325
34.5,78,325
34.5,78.25,325
34.5,78.5,325
34.5,78.75,325
34.5,79,325
34.5,79.25,325
34.5,79.5,325
34.5,79.75,325
34.25,76.75,325
34.25,77,325
34.25,77.25,325
34.25,77.5,325
34.25,77.75,325
34.25,78,325
34.25,78.25,325
34.25,78.5,325
34.25,78.75,325
34.25,79,325
34.25,79.25,325
34.25,79.5,325
34,76.75,325
34,77,325
34,77.25,325
34,77.5,325
34,77.75,325
34,78,325
34,78.25,325
34,78.5,325
34,78.75,325
33.75,77,325
33.75,77.25,325
33.75,77.5,325
33.75,77.75,325
33.75,78,325
33.75,78.25,325
33.75,78.5,325
33.75,78.75,325
33.75,79,325
33.5,77.5,325
33.5,77.75,325
33.5,78,325
33.5,78.25,325
33.5,78.5,325
33.5,78.75,325
33.25,77.5,325
33.25,77.75,325
33.25,78,325
33.25,78.25,325
33.25,78.5,325
33.25,78.75,325
33.25,79,325
33.25,79.25,325
33,77.5,325
33,77.75,325
33,78,325
33,78.25,325
33,78.5,325
33,78.75,325
33,79,325
33,79.25,325
32.75,78,325
32.75,78.25,325
32.75,78.5,325
32.75,78.75,325
32.75,79,325
32.75,79.25,325
32.75,79.5,325
32.5,79,325
34.75,77,325
34.75,76.75,325
32.5,79.25,325
32.5,78.75,325
34,79,325
34,79.25,325
33.25,79.5,325
33.5,79,325
34,79.5,325
32.5,79.5,325
32.25,79,325
33,79.5,325
32.75,79.75,325
34.25,79.75,325
34.5,80,325
34.75,80.25,325
33.75,79.25,325
33.5,79.25,325
32.25,79.25,325
33.5,79.5,325
32.5,79.75,325
33.75,79.5,325
34.5,80.25,325
34,79.75,325
32.25,79.5,325
33,79.75,325
34.25,80,325
33.25,79.75,325
32.75,80,325
33.5,79.75,325
34.75,80.5,325
32,79.25,325
33.75,79.75,325
32.25,79.75,325
32.5,80,325
33,80,325
34,80,325
34.5,80.5,325
34.25,80.25,325
34.5,75.75,326
34.5,76,326
34.5,76.25,326
34.5,76.5,326
34.25,75.5,326
34.25,75.75,326
34.25,76,326
34.25,76.25,326
34.25,76.5,326
34,76,326
34,76.25,326
34,76.5,326
33.75,76.5,326
33.75,76.75,326
33.5,76.75,326
33.5,77,326
33.5,77.25,326
33.25,77,326
33.25,77.25,326
33,77,326
33,77.25,326
11.5,73,327
8.25,73,327
11.25,72.75,327
10,72.25,327
11.75,72.75,327
11,72.25,327
10.75,73.75,327
10.75,72.25,327
11.5,72.25,327
11,72.75,327
10,73.75,327
10.5,72.75,327
10.5,72.5,327
10.25,73.75,327
10.25,72.25,327
10,73.5,327
11.75,72.25,327
11,72.5,327
10.75,73.5,327
10.75,72,327
10.25,73.5,327
8.25,73.25,327
11.5,72.75,327
11,73.75,327
8.5,73,327
10,72.5,327
10.75,72.75,327
10.25,72.5,327
11.25,73,327
11.5,72,327
11.75,72.5,327
10.75,72.5,327
11,72,327
11.75,72,327
11.5,73.25,327
11,73.5,327
8.5,73.25,327
11.25,72.5,327
11.75,73,327
8,73,327
8.25,72.75,327
11.5,72.5,327
10,72,327
9.75,72.25,327
12,72.75,327
11,73,327
11.25,72.25,327
10.75,74,327
10.5,73.75,327
10.25,72.75,327
10.5,72.25,327
9.75,73.75,327
11.25,73.25,327
8.5,72.75,327
8,73.25,327
9.75,73.5,327
10.25,72,327
10.5,73.5,327
11,74,327
11.75,73.25,327
10.25,74,327
10.5,72,327
10.5,73,327
10,74,327
9.75,72.5,327
12,72.5,327
8,72.75,327
10,73.25,327
10.75,73,327
11.25,72,327
12,72.25,327
9.75,72,327
12,73,327
10.75,73.25,327
10.25,73.25,327
10.75,71.75,327
10,72.75,327
8.25,73.5,327
8.75,73,327
10.5,74,327
11.25,73.75,327
12,72,327
11.5,71.75,327
11,73.25,327
26.75,78.25,328
26.75,78.5,328
26.5,77.75,328
26.5,78,328
26.25,77.25,328
26.25,77.5,328
26.25,77.75,328
26.75,78.75,329
26.5,78.25,329
26.5,78.5,329
26.5,78.75,329
26.5,79,329
26.25,79,329
26.25,78,330
26.25,78.25,330
26.25,78.5,330
26,77.75,330
26,78,330
26,78.25,330
26,78.5,330
25.75,78,330
26.25,78.75,331
26,78.75,331
25.75,78.5,331
25.75,78.75,331
26,77,332
26,77.25,332
26,77.5,332
25.75,76.75,332
25.75,77,332
25.75,77.25,332
25.5,76.75,332
25.5,77,332
25.75,77.5,333
25.75,77.75,333
25.75,78.25,333
25.5,77.25,333
25.5,77.5,333
25.5,77.75,333
25.5,78,333
25.5,78.25,333
25.25,77.5,333
25.25,77.75,333
25.25,78,333
25.25,78.25,333
25,77.5,333
25,77.75,333
25,78,333
25,78.25,333
25.25,78.75,334
25.25,79,335
25,78.75,335
25,79,335
25,79.25,335
24.75,79,335
24.75,79.25,335
24.5,79,335
25.25,80,336
25.25,80.25,336
25,79.5,336
25,79.75,336
25,80,336
24.75,79.5,336
24.75,79.75,336
24.75,80,336
24.5,79.25,336
24.5,79.5,336
24.5,79.75,336
24.25,79.25,336
25,75.25,337
24.5,74.75,337
24.5,75,337
24.5,75.25,337
24.5,75.5,337
24.25,74.75,337
25,77,338
25,77.25,338
24.75,77,338
24.75,77.25,338
24.75,77.5,338
24.5,77.25,338
24.25,77,338
24.25,77.25,338
24,77.25,338
25,80.25,339
24.75,80.25,339
24.5,80,339
24.5,80.25,339
24.25,80,339
24.25,80.25,339
24.25,80.5,339
24,80,339
24,80.25,339
25,80.5,340
25,80.75,340
24.75,80.5,340
24.75,80.75,340
24.75,81,340
24.5,80.5,340
24.5,80.75,340
24.5,81,340
24.25,80.75,340
24.25,81,340
24.25,81.25,340
25,81.25,341
25,81.5,341
25,81.75,341
24.75,81.25,341
24.75,81.5,341
24.75,81.75,341
24.75,82,341
24.75,82.25,341
24.5,81.25,341
24.5,81.5,341
24.5,81.75,341
24.75,75.75,342
24.5,75.75,342
24.25,75,342
24.25,75.25,342
24.25,75.5,342
24.25,75.75,342
24,75,342
24,75.25,342
24,75.75,342
24.75,77.75,343
24.75,78,343
24.5,77.5,343
24.5,77.75,343
24.5,78,343
24.25,78,343
24.5,82,344
24.5,82.25,344
24.25,81.5,344
24.25,81.75,344
24.25,82,344
24,81.75,344
24,82,344
24.5,82.5,345
24.25,82.25,345
24.25,82.5,345
24.25,82.75,345
24,82.25,345
24,82.5,345
24,82.75,345
24.25,77.5,346
24.25,77.75,346
24,77.5,346
24,77.75,346
24,78,346
24,78.25,346
23.75,77.75,346
23.75,78,346
23.75,78.25,346
23.5,78,346
24.25,78.25,347
24.25,78.5,347
24.25,79,347
24,78.5,347
24,78.75,347
24,79,347
23.75,78.5,347
23.75,78.75,347
23.75,79,347
23.75,79.25,347
23.5,78.75,347
23.5,79,347
23.5,79.25,347
23.25,79,347
24.25,79.5,348
24.25,79.75,348
24,79.25,348
24,79.5,348
24,79.75,348
23.75,79.5,348
23.75,79.75,348
23.5,79.5,348
23.5,79.75,348
23.25,79.25,348
24,76,349
24,76.25,349
23.75,75.75,349
23.75,76,349
23.75,76.25,349
24,76.5,350
24,76.75,350
24,77,350
23.75,76.5,350
23.75,76.75,350
23.75,77,350
23.5,76.75,350
23.5,77,350
24,80.5,351
24,80.75,351
23.75,80,351
23.75,80.25,351
23.75,80.5,351
23.75,80.75,351
23.5,80.25,351
23.5,80.5,351
24,81,352
23.75,81,352
23.5,80.75,352
23.5,81,352
23.5,81.25,352
23.25,80.75,352
23.25,81,352
23.25,81.25,352
24,81.25,353
24,81.5,353
23.75,81.25,353
23.75,81.5,353
23.5,81.5,353
23.5,81.75,353
23.25,81.5,353
23.25,81.75,353
23.75,75,354
23.75,75.25,354
23.75,75.5,354
23.5,74.75,354
23.5,75,354
23.25,74.75,354
23.25,75,354
23.25,75.25,354
23.75,77.25,355
23.75,77.5,355
23.5,77.5,355
23.25,77.25,355
23.25,77.5,355
23.5,75.25,356
23.5,75.5,356
23.5,75.75,356
23.5,76,356
23.25,75.5,356
23.25,75.75,356
23.25,76,356
23.5,76.25,357
23.5,76.5,357
23.25,76.25,357
23.25,76.5,357
23.25,76.75,357
23.5,77.25,358
23.25,77,358
23,76.5,358
23,76.75,358
23,77,358
23,77.25,358
22.75,77.25,358
22.75,77.5,358
23.5,77.75,359
23.5,78.25,359
23.5,78.5,359
23.25,77.75,359
23.25,78,359
23.25,78.25,359
23.25,78.5,359
23.25,78.75,359
23,77.5,359
23,77.75,359
23,78,359
23,78.25,359
23.5,80,360
23.25,79.5,360
23.25,79.75,360
23.25,80,360
23.25,80.25,360
23.25,80.5,360
23,79.75,360
23.25,82,361
23,81.25,361
23,81.5,361
23,81.75,361
22.75,81.75,361
23,74.5,362
23,74.75,362
23,75,362
22.75,74.5,362
22.75,74.75,362
23,75.25,363
22.75,75,363
22.75,75.25,363
22.5,74.75,363
22.5,75,363
22.5,75.25,363
22.5,75.5,363
22.25,74.75,363
22.25,75,363
22.25,75.25,363
22.25,75.5,363
23,75.5,364
23,75.75,364
22.75,75.5,364
22.75,75.75,364
22.75,76,364
22.5,75.75,364
22.5,76,364
23,76,365
23,76.25,365
22.75,76.25,365
22.75,76.5,365
22.75,76.75,365
22.75,77,365
22.5,76.25,365
22.5,76.5,365
22.5,76.75,365
22.5,77,365
23,78.5,366
23,78.75,366
23,79,366
23,79.25,366
23,79.5,366
22.75,78.75,366
22.75,79,366
22.75,79.5,366
23,80,367
23,80.25,367
23,80.5,367
22.75,80.5,367
22.75,80.75,367
22.5,80.25,367
22.5,80.5,367
22.5,80.75,367
22.5,81,367
23,80.75,368
23,81,368
22.75,81,368
22.75,81.25,368
22.75,81.5,368
22.5,81.25,368
22.75,77.75,369
22.75,78,369
22.75,78.25,369
22.75,78.5,369
22.5,77.5,369
22.5,77.75,369
22.5,78,369
22.5,78.25,369
22.5,78.5,369
22.75,79.25,370
22.5,78.75,370
22.5,79,370
22.5,79.25,370
22.25,78.5,370
22.25,78.75,370
22.25,79,370
22.25,79.25,370
22,78.5,370
22,78.75,370
22,79,370
22,79.25,370
21.75,78.5,370
21.75,78.75,370
21.75,79,370
21.5,78.75,370
22.75,79.75,371
22.75,80,371
22.75,80.25,371
22.5,79.5,371
22.5,79.75,371
22.5,80,371
22.25,79.5,371
22.25,79.75,371
22.25,80,371
22,79.5,371
22,79.75,371
21.75,79.25,371
21.75,79.5,371
22.5,74.25,372
22.5,74.5,372
22.25,74.25,372
22.25,74.5,372
22,74.25,372
22.5,77.25,373
22.25,77,373
22.25,77.25,373
22,77,373
22,77.25,373
22.25,75.75,374
22.25,76,374
22,75.5,374
22,75.75,374
22,76,374
21.75,75.5,374
21.75,75.75,374
21.75,76,374
21.5,75.5,374
21.5,75.75,374
22.25,76.25,375
22.25,76.5,375
22.25,76.75,375
22,76.25,375
22,76.5,375
22,76.75,375
21.75,76.25,375
21.75,76.5,375
21.75,76.75,375
21.75,77,375
22.25,77.5,376
22.25,77.75,376
22.25,78,376
22.25,78.25,376
22,77.5,376
22,77.75,376
22,78,376
22,78.25,376
21.75,77.25,376
21.75,77.5,376
21.75,77.75,376
21.75,78,376
21.75,78.25,376
21.5,77.5,376
21.5,77.75,376
21.5,78,376
22.25,80.25,377
22.25,80.5,377
22.25,80.75,377
22.25,81,377
22,80,377
22,80.25,377
22,80.5,377
22,80.75,377
21.75,79.75,377
21.75,80,377
21.75,80.25,377
21.75,80.5,377
21.5,80.5,377
22,74.5,378
22,74.75,378
22,75,378
22,75.25,378
21.75,74.75,378
21.75,75,378
21.75,75.25,378
21.5,75.25,378
21.5,76,379
21.5,76.25,379
21.5,76.5,379
21.5,76.75,379
21.25,76.25,379
21.25,76.5,379
21.75,74,380
21.75,74.25,380
21.75,74.5,380
21.5,74.5,380
21.5,74.75,380
21.25,74,380
21.25,74.25,380
21.5,75,381
21.25,74.5,381
21.25,74.75,381
21.25,75,381
21,74,381
21,74.25,381
21,74.5,381
21,74.75,381
20.75,74.75,381
21.5,77,382
21.5,77.25,382
21.5,78.25,382
21.25,76.75,382
21.25,77,382
21.25,77.25,382
21.25,77.5,382
21.25,77.75,382
21.25,78,382
21,77.25,382
21,77.5,382
21,77.75,382
21,78,382
20.75,77.75,382
20.75,78,382
20.75,78.25,382
21.5,78.5,383
21.5,79,383
21.5,79.25,383
21.25,78.5,383
21.25,78.75,383
21.25,79,383
21.25,79.25,383
21.25,79.5,383
21,78.75,383
21,79,383
21,79.25,383
21,79.5,383
20.75,79,383
20.75,79.25,383
20.75,79.5,383
21.5,79.5,384
21.5,79.75,384
21.25,79.75,384
21,79.75,384
21,80,384
20.75,79.75,384
21.5,80,385
21.5,80.25,385
21.25,80,385
21.25,80.25,385
21.25,80.5,385
21,80.25,385
20.75,80,385
20.75,80.25,385
21.25,75.25,386
21.25,75.5,386
21.25,75.75,386
21.25,76,386
21,75,386
21,75.25,386
21,75.5,386
21,75.75,386
21,76,386
21,76.25,386
20.75,75,386
20.75,75.25,386
20.75,75.5,386
20.75,75.75,386
20.5,75,386
21.25,78.25,387
21,78.25,387
21,78.5,387
20.75,78.5,387
20.75,78.75,387
20.5,78.75,387
20.5,79,387
21,76.5,388
21,76.75,388
20.75,76,388
20.75,76.25,388
20.75,76.5,388
20.75,76.75,388
20.5,76,388
20.5,76.25,388
20.5,76.5,388
20.25,76.25,388
20.25,76.5,388
20.25,76.75,388
20,76,388
20,76.25,388
20,76.5,388
21,77,389
20.75,77,389
20.75,77.25,389
20.75,77.5,389
20.5,76.75,389
20.5,77,389
20.5,77.25,389
20.75,74,390
20.75,74.25,390
20.75,74.5,390
20.5,73.5,390
20.5,73.75,390
20.5,74,390
20.5,74.25,390
20.5,74.5,390
20.5,74.75,390
20.25,73.5,390
20.25,73.75,390
20.25,74,390
20.25,74.25,390
20.25,74.5,390
20.25,74.75,390
20,73.5,390
20,73.75,390
20,74,390
20,74.25,390
20,74.5,390
19.75,73.75,390
19.75,74,390
20.75,80.5,391
20.5,80,391
20.5,80.25,391
20.5,80.5,391
20.25,80,391
20.25,80.25,391
20,80,391
20,80.25,391
20,80.5,391
19.75,80,391
19.75,80.25,391
19.75,80.5,391
19.5,80,391
19.5,80.25,391
19.5,80.5,391
19.5,80.75,391
19.25,80,391
19.25,80.25,391
19,80,391
19,80.25,391
18.75,80.25,391
20.5,75.25,392
20.5,75.5,392
20.5,75.75,392
20.25,75,392
20.25,75.25,392
20.25,75.5,392
20,74.75,392
20,75,392
20,75.25,392
20,75.5,392
19.75,74.75,392
19.75,75,392
19.75,75.25,392
19.75,75.5,392
19.5,75.5,392
20.5,77.5,393
20.25,77,393
20.25,77.25,393
20.25,77.5,393
20,76.75,393
20,77.25,393
20.5,77.75,394
20.5,78,394
20.5,78.25,394
20.5,78.5,394
20.25,77.75,394
20.25,78,394
20.25,78.25,394
20.25,78.5,394
20.25,78.75,394
20,77.5,394
20,77.75,394
20,78,394
20,78.25,394
20,78.5,394
20,78.75,394
20,79,394
19.75,77.5,394
19.75,77.75,394
19.5,77.75,394
19.5,78,394
20.5,79.25,395
20.5,79.5,395
20.5,79.75,395
20.25,79,395
20.25,79.25,395
20.25,79.5,395
20.25,79.75,395
20,79.25,395
20,79.5,395
20,79.75,395
19.75,79,395
19.75,79.25,395
19.75,79.5,395
19.75,79.75,395
20.25,75.75,396
20.25,76,396
20,75.75,396
19.75,75.75,396
19.75,76,396
19.75,76.25,396
19.5,75.75,396
19.5,76,396
19.5,76.25,396
20,72.75,397
20,73,397
20,73.25,397
19.75,72.75,397
19.75,73,397
19.75,73.25,397
19.75,73.5,397
19.5,72.75,397
19.5,73,397
19.75,72.5,397
20,72.5,397
19.5,72.5,397
19.25,72.5,397
19.75,72.25,397
20,72.25,397
19.5,72.25,397
20,77,398
19.75,76.75,398
19.75,77,398
19.75,77.25,398
19.5,77,398
19.5,77.25,398
19.75,74.25,399
19.75,74.5,399
19.5,73.75,399
19.5,74,399
19.5,74.25,399
19.5,74.5,399
19.5,74.75,399
19.5,75,399
19.5,75.25,399
19.25,74.25,399
19.25,74.5,399
19.25,74.75,399
19.25,75,399
19.25,75.25,399
19,74.25,399
19,74.5,399
19,74.75,399
18.75,74.5,399
18.75,74.75,399
18.75,75,399
18.5,74.75,399
18.5,75,399
19.75,76.5,400
19.5,76.5,400
19.5,76.75,400
19.25,76.25,400
19.25,76.5,400
19.25,76.75,400
19.25,77,400
19,76.5,400
19,76.75,400
19,77,400
19.75,78,401
19.75,78.25,401
19.5,77.5,401
19.5,78.25,401
19.25,77.25,401
19.25,77.5,401
19.25,77.75,401
19,77.25,401
19,77.5,401
19,77.75,401
18.75,77.25,401
18.75,77.5,401
18.75,77.75,401
18.5,77.25,401
18.5,77.5,401
19.5,73.25,402
19.5,73.5,402
19.25,73,402
19.25,73.25,402
19.25,73.5,402
19,73,402
19.25,73.75,403
19.25,74,403
19,73.75,403
19,74,403
18.75,73.5,403
18.75,73.75,403
18.75,74,403
18.75,74.25,403
18.5,73.5,403
18.5,73.75,403
18.5,74,403
18.5,74.25,403
18.5,74.5,403
18.25,73.75,403
18.25,74,403
18.25,74.25,403
18.25,74.5,403
18.25,74.75,403
18,75,403
19.25,75.5,404
19.25,75.75,404
19.25,76,404
19,75,404
19,75.25,404
19,75.5,404
19,75.75,404
19,76,404
19,76.25,404
18.75,75.25,404
18.75,75.5,404
18.75,75.75,404
18.75,76,404
18.75,76.25,404
18.75,76.5,404
19,73.25,405
19,73.5,405
18.75,73,405
18.75,73.25,405
18.5,73,405
18.5,73.25,405
18.25,73,405
18.25,73.25,405
18.25,73.5,405
18,73.5,405
18,73,405
18.75,72.75,405
18.5,72.75,405
18.25,72.75,405
18,72.75,405
18.5,72.5,405
18.25,72.5,405
18.75,76.75,406
18.75,77,406
18.5,76.5,406
18.5,76.75,406
18.5,77,406
18.25,76.5,406
18.25,76.75,406
18.25,77,406
18,76.75,406
18.5,75.25,407
18.25,75,407
18.25,75.25,407
18.25,75.75,407
18,74.75,407
18,75.25,407
18,75.5,407
18,75.75,407
17.75,75,407
17.75,75.25,407
17.75,75.5,407
17.75,75.75,407
17.75,76,407
17.5,75,407
17.5,75.25,407
17.5,75.5,407
17.5,75.75,407
17.5,76,407
17.5,76.25,407
17.25,75,407
17.25,75.25,407
17.25,75.5,407
18.5,75.5,408
18.5,75.75,408
18.5,76,408
18.5,76.25,408
18.25,75.5,408
18.25,76,408
18.25,76.25,408
18,76,408
18,76.25,408
18,76.5,408
17.75,76.25,408
17.75,76.5,408
18,73.25,409
17.75,73.25,409
17.75,73.5,409
17.5,73.25,409
17.5,73.5,409
17.25,73.25,409
17.25,73.5,409
17,73.5,409
17,73.75,409
16.75,73.5,409
16.75,73.75,409
17,73.25,409
16.75,73.25,409
17.75,73,409
17.5,73,409
17.25,73,409
17,73,409
16.75,73,409
17.75,72.75,409
17.5,72.75,409
17.25,72.75,409
18,73.75,410
18,74,410
18,74.25,410
18,74.5,410
17.75,73.75,410
17.75,74,410
17.75,74.25,410
17.75,74.5,410
17.75,74.75,410
17.5,73.75,410
17.5,74,410
17.5,74.25,410
17.5,74.5,410
17.5,74.75,410
17.25,74,410
17.25,74.25,410
17.25,73.75,411
17.25,74.5,411
17.25,74.75,411
17,74,411
17,74.25,411
17,74.5,411
17,74.75,411
17,75,411
17,75.25,411
17,75.5,411
16.75,74.75,411
16.75,74,412
16.75,74.25,412
16.75,74.5,412
16.5,74,412
16.5,74.25,412
16.25,74,412
16.25,74.25,412
16,74.25,412
15.75,74.25,412
16.5,73.5,413
16.5,73.75,413
16.25,73.5,413
16.25,73.75,413
16,73.5,413
16,73.75,413
16,74,413
15.75,73.75,413
15.75,74,413
16.5,73.25,413
15.75,73.5,413
16.25,73.25,413
16,73.25,413
16.5,73,413
15.75,73.25,413
16.25,73,413
16,73,413
19.25,72.75,414
19,72.75,415
19,72.5,415
18.75,72.5,415
25.5,94,416
25.25,94.25,416
25.5,94.5,417
25.25,94.5,417
25,94.25,417
25.25,94.75,417
25.25,95,417
25.25,93.5,418
25.25,93.75,418
25,93.5,418
25,93.75,418
24.75,93.25,418
25.25,94,419
25,94,419
24.75,93.75,419
25,94.5,420
24.75,94.25,420
24.75,94.5,420
25,94.75,420
24.5,94.5,420
24.75,94.75,420
24.5,94.75,420
25,95,420
24.75,95,420
24.5,95,420
24.75,93.5,421
24.75,94,422
24.5,93.25,423
24.25,93.25,423
24.5,93.5,424
24.25,93.5,424
24.25,93.75,424
24,93.5,424
24.5,93.75,425
24.5,94,426
24.5,94.25,427
24.25,94.25,427
24.25,94.5,427
24.25,94.75,427
24.25,94,428
24,94,428
24,93.75,428
24,94.25,428
23.75,94.25,428
23.75,94,428
23.75,93.75,428
24,94.5,428
23.5,94,428
23.5,94.25,428
23.75,94.5,428
26,91.75,429
26,92,429
25.75,92,429
25.75,90,430
25.75,90.25,430
25.5,90.25,430
25.25,90.25,430
25.25,90,430
25,90,430
25.75,90.5,431
25.75,90.75,432
25.5,90.5,432
25.75,91,433
25.5,91,433
25.5,91.25,433
25.75,91.5,434
25.75,91.75,434
25.5,91.5,434
25.5,90,435
25.25,89.75,435
25,89.75,435
25.25,89.5,435
25.5,89.5,435
25,89.5,435
25.5,90.75,436
25.25,90.5,436
25.25,90.75,436
25,90.5,436
25,90.75,436
25,91,436
25,90.25,436
24.75,90.5,436
24.75,90.75,436
24.75,91,436
24.75,90.25,436
25.5,91.75,437
25.5,92,437
25.25,91.5,437
25.25,91.75,437
25,91.5,437
25,91.75,437
25,92,437
24.75,91.5,437
24.75,91.75,437
25.5,92.25,438
25.5,92.5,438
25.25,92,438
25.25,91,439
25.25,91.25,439
25,91.25,439
24.75,91.25,439
25.25,92.25,440
25.25,92.5,440
25.25,92.75,440
25,92.25,440
24.25,92.75,441
24,92.75,441
24.25,93,442
23.75,92.75,442
23.75,93,442
23.5,92.75,442
24,92.5,443
23.75,92.5,443
23.5,92.5,443
23.5,92.25,443
24,93,444
24,93.25,444
23.75,93.25,444
23.5,93,445
23.25,92.75,445
23.25,93,445
23.5,93.25,446
23.25,92.5,447
23,92.5,447
23,92.75,447
22.75,92.5,447
22.75,92.75,447
23.25,92.25,447
23,92.25,447
22.75,92.25,447
23.25,93.25,448
23,93.25,448
23.75,93.5,448
23.5,93.5,448
23.25,93.5,448
23,93.5,448
22.75,93.5,448
23.5,93.75,448
23.25,93.75,448
23,93.75,448
23,93,449
22.75,93,450
22.5,92.75,450
22.25,92.75,450
22.5,92.5,450
22,92.75,450
22.25,92.5,450
22,92.5,450
22.75,93.25,450
21.75,92.5,450
22.5,92.25,450
22.25,92.25,450
22,92.25,450
21.75,92.25,450
22.5,93,451
22.25,93,451
22,93,451
22.25,93.25,451
22.5,93.25,451
22,93.25,451
21.75,93,451
21.75,92.75,451
22.25,93.5,451
22.5,93.5,451
21.75,93.25,451
22,93.5,451
21.5,93,451
26.75,94.75,452
26.5,94.75,452
26.75,95,453
26.5,95,453
26.5,95.25,453
26.5,94.25,454
26.25,94.25,454
26,94,454
26.5,94.5,455
26.25,94.5,456
26,94.5,456
26.25,94.75,457
26.25,95,458
26,95,458
26,95.25,458
26.25,95.25,458
26,95.5,458
26.25,95.5,458
25.75,95.5,458
26,94.25,459
26,94.75,460
25.75,95,460
25.75,95.25,460
25.5,95.25,460
25.75,93.75,461
25.75,94,462
25.75,94.25,462
25.75,94.5,463
25.75,94.75,463
25.5,94.25,463
25.5,94.75,463
25.5,95,463
25.25,95.25,463
25.5,93.5,464
25.5,93.75,464
22.5,84,465
22.25,84,465
22.25,84.25,465
22.25,84.5,465
22.25,84.75,465
22.25,85,465
22,83.75,465
22,84,465
22,84.25,465
22,84.75,465
22,85,465
21.75,84.75,465
21.75,85,465
22.5,86,466
22.25,86,466
22.25,86.25,466
22.25,86.5,466
22,85.75,466
22,86,466
22,86.25,466
22,86.5,466
22,86.75,466
22,87,466
21.75,86,466
21.75,86.25,466
21.75,86.5,466
21.75,86.75,466
21.75,87,466
21.5,86.25,466
21.5,86.5,466
22,84.5,467
21.75,84,467
21.75,84.25,467
21.75,84.5,467
21.5,84,467
21.5,84.25,467
21.25,84,467
21.25,84.25,467
21.25,84.5,467
21.25,84.75,467
21,84.25,467
22,85.25,468
22,85.5,468
21.75,85.25,468
21.75,85.5,468
21.75,85.75,468
21.5,85.5,468
21.5,85.75,468
21.5,86,468
21.25,85.5,468
21.25,85.75,468
21.25,86,468
21.25,86.25,468
21.75,83.5,469
21.75,83.75,469
21.75,87.25,470
21.5,86.75,470
21.5,87,470
21.25,86.5,470
21.25,86.75,470
21.5,87.25,470
21.5,87.5,470
21.25,87,470
21.25,87.25,470
21.25,87.5,470
21.5,83.5,471
21.5,83.75,471
21.25,83.25,471
21.25,83.5,471
21.25,83.75,471
21,82.75,471
21,83,471
21,83.25,471
21.5,84.5,472
21.5,84.75,472
21.5,85,472
21.5,85.25,473
21.25,85,473
21.25,85.25,473
21,84.5,473
21,84.75,473
21,85,473
21,85.25,473
20.75,84.5,473
20.75,84.75,473
20.75,85,473
21,83.5,474
21,83.75,474
21,84,474
20.75,83.75,474
21,85.5,475
20.75,85.25,475
20.75,85.5,475
20.75,85.75,475
20.75,86,475
21,85.75,476
21,86,476
21,86.25,476
20.75,86.25,476
20.75,86.5,476
21,86.5,477
21,86.75,477
21,87,477
20.75,87.25,477
21,87.25,477
20.5,87.25,477
20.75,87.5,477
21,87.5,477
20.5,87.5,477
20.75,82.5,478
20.5,82.5,478
20.25,82.5,478
20.25,82.75,478
20.75,82.75,479
20.75,83,479
20.75,83.25,479
20.75,83.5,479
20.5,82.75,479
20.5,83,479
20.5,83.25,479
20.5,83.5,479
20.25,83,479
20.75,84,480
20.75,84.25,480
20.5,83.75,480
20.5,84.5,480
20.75,86.75,481
20.5,86.5,481
20.5,86.75,481
20.75,87,481
20.5,87,481
20.25,87,481
20.25,87.25,481
20.5,84,482
20.5,84.25,482
20.25,83.75,482
20.25,84,482
20.25,84.25,482
20.25,84.5,482
20,83.75,482
20,84,482
20,84.25,482
19.75,83.75,482
19.75,84,482
20.5,84.75,483
20.25,84.75,483
20.25,85,483
20.25,85.25,483
20,85,483
20,85.25,483
20.5,85,484
20.5,85.25,484
20.5,85.5,484
20.5,85.75,484
20.5,86,484
20.5,86.25,484
20.25,86,484
20.25,83.25,485
20.25,83.5,485
20,82.75,485
20,83,485
20,83.25,485
20,83.5,485
19.75,82.75,485
19.75,83,485
19.75,83.25,485
19.5,82.75,485
19.5,83,485
20.25,85.5,486
20.25,85.75,486
20,85.5,486
19.75,85.25,486
20.25,86.25,487
20.25,86.5,487
20.25,86.75,487
20,86.5,487
20,86.75,487
20,87,487
20,82,488
19.75,82.25,488
19.75,82.5,488
19.5,82.25,488
19.5,82.5,488
19.25,82.25,488
19.25,82.5,488
19.25,82.75,488
20,84.5,489
20,84.75,489
19.75,84.25,489
19.75,84.5,489
19.75,84.75,489
19.75,85,489
19.5,84.5,489
19.5,84.75,489
19.5,85,489
19.25,84.5,489
19.25,84.75,489
19.25,85,489
19.25,85.25,489
19,85,489
19,85.25,489
20,85.75,490
20,86,490
20,86.25,490
19.75,85.5,490
19.5,85.25,490
19.75,85.75,490
19.75,86,490
19.5,85.5,490
19.75,86.25,490
19.75,86.5,490
19.5,85.75,490
19.5,86,490
19.25,85.5,490
19.5,86.25,490
19.75,86.75,490
19.75,83.5,491
19.5,83.25,491
19.5,83.5,491
19.5,83.75,491
19.25,83,491
19.25,83.25,491
19.25,83.5,491
19.25,83.75,491
19,83.75,491
19.5,84,492
19.5,84.25,492
19.25,84,492
19.25,84.25,492
19,84,492
19,84.25,492
19,82.25,493
19,82.5,493
19,82.75,493
19,83,493
19,83.25,493
18.75,82.25,493
18.75,82.5,493
18.75,82.75,493
18.75,83,493
18.5,82.75,493
18.5,83,493
18.5,82,494
18.5,82.25,494
18.25,81.75,494
18.25,82,494
18.25,82.25,494
18,81.5,494
18,81.75,494
18,82.25,494
12,79.75,495
11.75,80.25,495
11,79.75,496
32.25,75.5,497
32,75,498
32,75.25,498
32,75.5,498
31.75,75.25,498
31.75,75.5,498
32.25,75.25,498
32.25,75,498
32,75.75,499
31.75,75.75,499
31.5,75.75,499
31.5,76,499
31.25,76,499
31.25,76.25,499
31.75,74.75,500
31.75,75,500
31.75,74.5,500
32,74.75,500
31.5,74.5,500
32,74.5,500
31.75,74.25,500
31.5,74.25,500
32,74.25,500
31.75,74,500
31.5,74.75,501
31.5,75,501
31.5,75.25,501
31.25,74.75,501
31.25,75,501
31.25,74.5,501
31.25,74.25,501
31.5,75.5,502
31.25,75.25,502
31.25,75.75,502
31.25,75.5,503
31,75.5,503
31.25,76.5,504
30.75,76.5,504
31,74.75,505
31,75,505
30.75,74.25,505
31,74.5,505
31,74.25,505
31,74,505
31.25,74,505
31,75.25,506
30.75,75,506
30.75,75.25,506
30.5,75,506
31,75.75,507
31,76,507
31,76.25,507
30.75,75.5,507
30.75,75.75,507
30.75,76,507
30.75,76.25,507
31,76.5,508
30.75,74.5,509
30.75,74.75,509
30.5,74.75,509
30.5,74,510
30.5,74.25,510
30.25,74,510
30.25,74.25,510
30,74,510
30,74.25,510
30.75,74,510
30.25,73.75,510
30.5,73.75,510
30.75,73.75,510
30.5,73.5,510
30.5,74.5,511
30.25,74.5,511
30,74.5,511
30.5,75.25,512
30.25,74.75,512
30.25,75,512
30.25,75.25,512
30,74.75,512
30,75,512
30,75.25,512
30.5,75.5,513
30.25,75.5,513
30.5,75.75,514
30.25,75.75,514
30.25,76,514
30,75.75,514
30,76,514
29.75,76,514
30.5,76,515
30.5,76.25,516
30.5,76.5,516
30.5,76.75,516
30.25,76.25,516
30.25,76.5,516
30,75.5,517
29.75,75.25,517
30,73.75,518
29.75,73.5,518
29.75,73.75,518
29.75,74,518
29.5,73.25,518
29.5,73.5,518
29.5,73.75,518
29.25,73.25,518
29.25,73.5,518
29.25,73.75,518
29.25,74,518
29,73,518
29,73.25,518
29,74,518
28.75,73,518
30,73.5,518
29,72.75,518
29.25,73,518
29.75,73.25,518
30,73.25,518
29.5,73,518
30.25,73.5,518
29.25,72.75,518
29.75,73,518
30.25,73.25,518
29.25,72.5,518
30,73,518
29.5,72.75,518
29.75,74.25,519
29.5,74,519
29.5,74.25,519
29.5,74.5,519
29.25,74.25,519
29.25,74.5,519
29.25,74.75,519
29.25,75,519
29.25,75.25,519
29,74.25,519
29,74.5,519
29,74.75,519
29,75,519
29,75.25,519
29,75.5,519
29,73.5,520
29,73.75,520
28.75,72.5,520
28.75,72.75,520
28.75,73.25,520
28.75,73.5,520
28.75,73.75,520
28.75,74,520
28.5,72.25,520
28.5,72.5,520
28.5,72.75,520
28.5,73,520
28.5,73.25,520
28.5,73.5,520
28.5,73.75,520
28.5,74,520
28.25,72.25,520
28.25,72.5,520
28.25,72.75,520
28.25,73,520
28.25,73.25,520
28.25,73.5,520
28.25,73.75,520
28.25,74,520
28,72,520
28,72.25,520
28,72.5,520
28,72.75,520
28,73,520
28,73.25,520
28,73.5,520
28,73.75,520
28,74,520
27.75,72.25,520
27.75,72.5,520
27.75,72.75,520
27.75,73,520
27.75,73.25,520
27.75,73.5,520
27.75,73.75,520
27.5,72.25,520
27.5,73,520
27.5,73.25,520
27.5,73.5,520
28.25,72,520
28.75,72.25,520
29,72.5,520
28.25,71.75,520
28.5,72,520
29,72.25,520
28.75,72,520
28.5,71.75,520
29,72,520
28.75,74.25,521
28.75,74.5,521
28.75,74.75,521
28.75,75,521
28.75,75.25,521
28.75,75.5,521
28.5,74.25,521
28.5,74.5,521
28.5,74.75,521
28.5,75,521
28.5,75.25,521
28.5,75.5,521
28.25,74.25,521
28.25,74.5,521
28.25,74.75,521
28.25,75,521
28,74.25,521
28,74.5,521
28,74.75,521
27.75,74,521
27.75,74.25,521
27.75,74.5,521
28.25,75.25,522
28.25,75.5,522
28.25,75.75,522
28.25,76,522
28,75.25,522
28,75.5,522
28,75.75,522
27.75,75.5,522
28,70.5,523
27.75,70.25,523
27.75,70.5,523
27.75,71.25,523
27.75,71.5,523
27.75,71.75,523
27.75,72,523
27.5,70,523
27.5,70.25,523
27.5,70.5,523
27.5,70.75,523
27.5,71,523
27.5,71.25,523
27.5,71.5,523
27.5,71.75,523
27.25,69.75,523
27.25,70,523
27.25,70.25,523
27.25,70.5,523
27.25,70.75,523
27.25,71,523
27.25,71.25,523
27.25,71.5,523
27.25,71.75,523
27,69.75,523
27,70,523
27,70.25,523
27,70.5,523
27,70.75,523
27,71,523
27,71.25,523
27,71.5,523
27,71.75,523
27,72,523
26.75,69.75,523
26.75,70,523
26.75,70.25,523
26.75,70.5,523
26.75,70.75,523
26.75,71,523
26.75,71.25,523
26.75,71.5,523
26.75,71.75,523
26.75,72,523
26.5,70.25,523
26.5,70.5,523
26.5,70.75,523
26.5,71,523
26.5,71.25,523
26.5,71.5,523
26.5,71.75,523
26.5,72,523
26.25,70.25,523
26.25,70.5,523
26.25,70.75,523
27.75,71,523
26.75,69.5,523
27.75,70.75,523
27,69.5,523
28,70.25,523
28,71.75,523
26.5,70,523
27.75,70,523
28,70.75,523
26.5,69.75,523
27.25,69.5,523
28,71.5,523
27.5,69.75,523
28,71.25,523
26.25,70,523
28.25,70.5,523
26.5,69.5,523
28,71,523
28,70,523
26.75,69.25,523
27,69.25,523
28.25,70.25,523
28.25,70.75,523
27.5,69.5,523
27.75,69.75,523
27.25,69.25,523
26.25,69.75,523
26.5,69.25,523
28.25,71.5,523
28.25,71.25,523
28.25,70,523
28,69.75,523
26.25,69.5,523
28.25,71,523
27.5,69.25,523
26.75,69,523
27,69,523
28,75,524
27.75,74.75,524
27.75,75,524
27.75,75.25,524
27.75,75.75,524
27.75,76,524
27.5,75,524
27.5,75.25,524
27.5,75.5,524
27.5,75.75,524
27.25,75.25,524
28,76.25,525
28,76.5,525
28,76.75,525
27.75,76.25,525
27.75,76.5,525
27.75,76.75,525
27.5,76.25,525
27.5,76.5,525
27.5,76.75,525
27.5,77,525
27.25,76.25,525
27.25,76.5,525
27.25,76.75,525
27.25,77,525
27.75,77.25,526
27.5,77.25,526
27.25,77.25,526
27.25,77.5,526
27,77.25,526
27,77.5,526
27,77.75,526
27.5,72,527
27.5,72.5,527
27.5,72.75,527
27.25,72,527
27.25,72.25,527
27.25,72.5,527
27.25,72.75,527
27.25,73,527
27,72.25,527
27,72.5,527
27,72.75,527
27,73,527
26.75,72.25,527
26.75,72.5,527
26.75,72.75,527
26.75,73,527
26.75,73.25,527
26.75,73.5,527
26.5,72.25,527
26.5,72.5,527
26.5,72.75,527
26.5,73,527
26.5,73.25,527
26.5,73.5,527
26.5,73.75,527
26.25,72.25,527
26.25,72.75,527
26.25,73,527
26.25,73.25,527
26.25,73.5,527
26.25,73.75,527
26,72.75,527
26,73,527
27.5,73.75,528
27.5,74,528
27.5,74.25,528
27.5,74.5,528
27.5,74.75,528
27.25,73.25,528
27.25,73.5,528
27.25,73.75,528
27.25,74,528
27.25,74.25,528
27.25,74.5,528
27.25,74.75,528
27.25,75,528
27,73.25,528
27,73.5,528
27,73.75,528
27,74,528
27,74.25,528
27,74.5,528
27,74.75,528
27,75,528
26.75,73.75,528
26.75,74,528
26.75,74.25,528
26.75,74.5,528
26.5,74,528
26.5,74.25,528
27.5,76,529
27.25,75.5,529
27.25,75.75,529
27.25,76,529
27,75.25,529
27,75.5,529
27,75.75,529
27,76,529
26.75,75.25,529
26.75,75.5,529
26.75,75.75,529
26.75,76,529
26.5,75.5,529
26.5,75.75,529
27,76.25,530
27,76.5,530
27,76.75,530
27,77,530
26.75,76.25,530
26.5,76.25,530
26.75,74.75,531
26.75,75,531
26.5,74.5,531
26.5,74.75,531
26.5,75,531
26.25,74.5,531
26.25,74.75,531
26.25,75,531
26,74.25,531
26,74.5,531
26,74.75,531
26,75,531
26,75.25,531
25.75,74,531
25.75,75.25,531
26.75,76.5,532
26.75,76.75,532
26.75,77,532
26.75,77.25,532
26.5,77,532
26.25,76.75,532
26.25,77,532
26.75,77.5,533
26.75,77.75,533
26.75,78,533
26.5,77.25,533
26.5,77.5,533
26.5,75.25,534
26.5,76,534
26.25,75.25,534
26.25,75.5,534
26.25,75.75,534
26.25,76,534
26,75.5,534
26,75.75,534
26,76,534
25.75,75.5,534
26.5,76.5,535
26.5,76.75,535
26.25,76.25,535
26.25,76.5,535
26,76.25,535
26,76.5,535
26,76.75,535
26.25,71,536
26.25,71.25,536
26.25,71.5,536
26.25,71.75,536
26.25,72,536
26.25,72.5,536
26,70.25,536
26,70.5,536
26,70.75,536
26,71,536
26,71.25,536
26,71.5,536
26,71.75,536
26,72,536
26,72.25,536
26,72.5,536
25.75,70.5,536
25.75,70.75,536
25.75,71,536
25.75,71.25,536
25.75,71.5,536
25.75,71.75,536
25.75,72,536
25.75,72.25,536
25.75,72.5,536
25.5,70.75,536
25.5,71,536
25.5,71.25,536
25.5,71.5,536
25.5,71.75,536
25.5,72,536
25.5,72.25,536
25.5,72.5,536
25.25,71,536
25.25,71.25,536
25.25,71.5,536
25.25,71.75,536
25,71,536
25,71.25,536
24.75,71.25,536
25.75,70.25,536
25.25,70.75,536
24.75,71,536
26,70,536
25,70.75,536
25.5,70.5,536
25.75,70,536
25.5,70.25,536
25.25,70.5,536
24.75,70.75,536
26,69.75,536
25.5,70,536
25,70.5,536
25.75,69.75,536
25.25,70.25,536
26.25,74,537
26.25,74.25,537
26,73.25,537
26,73.5,537
26,73.75,537
26,74,537
25.75,73,537
25.75,73.25,537
25.75,73.5,537
25.75,73.75,537
25.5,73.25,537
25.5,73.5,537
25.5,73.75,537
25.25,73,537
25.25,73.25,537
25.25,73.5,537
25,73.25,537
25.75,72.75,538
25.5,72.75,538
25.5,73,538
25.25,72,538
25.25,72.25,538
25.25,72.5,538
25.25,72.75,538
25,71.5,538
25,71.75,538
25,72,538
25,72.25,538
25,72.5,538
24.75,71.5,538
24.75,71.75,538
24.75,72,538
24.75,72.25,538
25.75,74.25,539
25.75,74.5,539
25.75,74.75,539
25.75,75,539
25.5,74.25,539
25.5,74.5,539
25.5,74.75,539
25.5,75,539
25.5,75.25,539
25.25,74.25,539
25.25,74.5,539
25.25,74.75,539
25.25,75,539
25.25,75.25,539
25.75,75.75,540
25.75,76,540
25.75,76.25,540
25.5,75.5,540
25.5,75.75,540
25.5,76,540
25.25,75.5,540
25.25,75.75,540
25.75,76.5,541
25.5,76.25,541
25.5,76.5,541
25.25,76,541
25.25,76.25,541
25,75.75,541
25,76,541
25,76.25,541
24.75,76,541
25.5,74,542
25.25,73.75,542
25.25,74,542
25,73.75,542
25,74,542
25,74.25,542
24.75,73.75,542
25.25,76.5,543
25.25,76.75,543
25.25,77,543
25.25,77.25,543
25,76.5,543
25,76.75,543
24.75,76.5,543
24.75,76.75,543
24.5,76.75,543
24.5,77,543
25,72.75,544
25,73,544
24.75,72.5,544
24.75,72.75,544
24.75,73,544
24.5,72.5,544
24.5,72.75,544
24.5,73,544
25,73.5,545
24.75,73.25,545
24.75,73.5,545
24.75,74,545
24.5,73.25,545
24.5,73.5,545
24.5,73.75,545
24.5,74,545
24.25,73.25,545
24.25,73.5,545
24.25,73.75,545
24.25,74,545
24.25,74.25,545
24,73.5,545
24,73.75,545
24,74,545
24,74.25,545
25,74.5,546
25,74.75,546
25,75,546
25,75.5,546
24.75,74.25,546
24.75,74.5,546
24.75,74.75,546
24.75,75,546
24.75,75.25,546
24.75,75.5,546
24.5,74.25,546
24.5,74.5,546
24.75,76.25,547
24.5,76,547
24.5,76.25,547
24.5,76.5,547
24.25,76,547
24.25,76.25,547
24.25,76.5,547
24.25,76.75,547
24,75.5,547
24.25,74.5,548
24,74.5,548
24,74.75,548
23.75,74.75,548
23.75,73.5,549
23.75,73.75,549
23.75,74,549
23.5,73.75,549
23.5,74,549
23.75,74.25,550
23.75,74.5,550
23.5,74.25,550
23.5,74.5,550
23.25,74.25,550
23.25,74.5,550
28,88.5,551
28,88.75,551
27.75,88.25,551
27.75,88.5,551
27.75,88.75,551
27.5,88.5,551
27.5,88.75,551
28,88.25,551
27.75,89,551
28,88,551
27.75,88,551
28,89,551
28.25,88.5,551
28.25,88.75,551
28.25,88.25,551
28.25,89,551
28.25,88,551
27.75,89.25,551
28,87.75,551
28,89.25,551
28.5,88.5,551
28.5,88.75,551
28.25,89.25,551
28.25,87.75,551
27.5,88.25,552
27.25,88.25,552
27.5,88,552
27.5,87.75,552
27.75,87.75,552
27.25,88.5,553
27.5,89,553
27.25,89.25,553
27.5,89.25,553
27.25,88.75,554
27.25,89,554
27.25,88,555
27.25,87.75,555
13.25,79.5,556
13.25,80,556
13.25,80.25,556
13.25,80.5,556
13.5,80.5,556
13.25,80.75,556
13.5,80.75,556
13,78.75,557
13,79,557
13,79.25,557
12.75,79,557
13,79.5,558
13,79.75,559
13,80,559
12.75,79.75,559
13,80.25,560
13,80.5,560
13,80.75,560
12.75,78,561
12.5,77.75,561
12.5,78.25,561
12.25,77.5,561
12.25,77.75,561
12.25,78.5,561
12.75,78.75,562
12.5,78.5,562
12.5,78.75,562
12.75,79.25,563
12.75,79.5,563
12.5,79,563
12.5,79.25,563
12.5,79.5,563
12.25,78.75,563
12.25,79,563
12.75,80,564
12.5,79.75,564
12.5,80,564
12.75,80.25,564
12.5,80.25,564
12.25,80.25,564
12.75,80.5,564
12.5,80.5,564
12.25,80.5,564
12.5,78,565
12.25,78,565
12.25,78.25,565
12,77.75,565
12,78,565
12,78.25,565
12,78.5,565
12.25,79.25,566
12.25,79.5,566
12.25,79.75,566
12.25,80,566
12,79.25,566
12,79.5,566
12,80,566
12,80.25,566
12,78.75,567
12,79,567
11.75,78.75,567
11.75,79,567
11.75,79.25,567
11.75,77,568
11.75,77.25,568
11.75,77.5,568
11.5,77,568
11.5,77.25,568
11.5,77.5,568
11.25,77.5,568
11.25,77.75,568
11.75,77.75,569
11.75,78,569
11.75,78.25,569
11.75,78.5,569
11.5,77.75,569
11.5,78.5,569
11.5,78.75,569
11.75,79.5,570
11.75,79.75,570
11.5,79,570
11.5,79.25,570
11.5,79.5,570
11.5,79.75,570
11.25,79.5,570
11.5,80,570
11.75,80,570
11.5,76.5,571
11.5,76.75,571
11.25,76.5,571
11.25,76.75,571
11.5,78,572
11.5,78.25,572
11.25,78,572
11.25,78.25,572
11.25,77,573
11,76.75,573
11,77,573
10.75,77,573
10.5,77,573
10.25,77,573
11.25,77.25,574
11,77.25,574
11,77.5,574
11,77.75,574
10.75,77.25,574
10.75,77.5,574
10.75,77.75,574
10.5,77.25,574
11.25,78.5,575
11,78.25,575
11,78.5,575
11,78.75,575
10.75,78.75,575
10.5,78.25,575
11.25,78.75,576
11.25,79,576
11.25,79.25,577
11,79,577
11,79.25,577
11.25,79.75,578
11,80,578
11.25,80,578
11,80.25,578
11.25,80.25,578
11.5,80.25,578
11,78,579
10.75,78.25,579
10.75,78.5,579
11,79.5,580
10.75,79,580
10.75,79.25,580
10.5,79.25,580
10.25,79.25,580
10.75,78,581
10.5,77.5,581
10.5,77.75,581
10.5,78,581
10.25,77.5,581
10.25,77.75,581
10.25,78,581
10.25,78.25,581
10.75,79.5,582
10.5,79.5,582
10.25,79.5,582
10.75,79.75,583
10.5,79.75,583
10.25,79.75,583
10.25,80,583
10.5,80,583
10.75,80,583
10,79.75,583
10,80,583
10.25,80.25,583
10.5,80.25,583
10.75,80.25,583
10.5,78.5,584
10.5,78.75,584
10.5,79,584
10.25,78.5,584
10.25,78.75,584
10.25,79,584
10,79,584
10,79.25,584
9.75,79.25,584
10,79.5,584
9.75,79.5,584
10,77.5,585
9.75,77.25,585
9.75,77.5,585
10,77.75,586
10,78,586
10,78.25,586
9.75,77.75,586
9.75,78,586
10,78.5,587
10,78.75,587
9.75,78.5,587
9.75,78.25,588
9.5,77.5,588
9.5,77.75,588
9.5,78,588
9.5,78.25,588
9.75,78.75,589
9.75,79,589
9.5,78.5,589
9.5,78.75,589
9.25,78.5,589
9.25,78.75,589
9.25,79.25,589
9.25,79,589
9.5,79,589
9,78.5,589
9.25,79.5,589
9,79.5,589
9,78.75,589
9.5,79.25,589
9,79,589
9,79.25,589
9.5,79.5,589
9,79.75,589
9.25,79.75,589
8.75,79.5,589
8.75,78.75,589
8.75,79,589
8.75,79.25,589
9.25,77.5,590
9,77.25,590
9,77.5,590
9.25,77.75,591
9.25,78,591
9.25,78.25,591
9,77.75,591
9,78,591
9,78.25,591
8.75,78,591
8.5,78,591
8.75,78.25,591
8.5,78.25,591
8.25,78.25,591
8.75,78.5,591
8.5,78.5,591
8,78.25,591
8.25,78.5,591
8.75,77.25,592
8.75,77.5,592
8.75,77.75,592
8.5,77.5,592
8.5,77.75,592
8.25,77.75,592
8.25,78,592
8,77.75,592
8,78,592
8.5,77.25,593
8.25,77.25,593
8.25,77.5,593
8,77.5,593
8,77.25,593
8,77,593
19.75,78.5,594
19.75,78.75,594
19.5,78.5,594
19.5,78.75,594
19.25,78.5,594
19.5,79,595
19.5,79.25,595
19.5,79.5,595
19.5,79.75,595
19.25,79,595
19.25,79.25,595
19.25,79.5,595
19.25,79.75,595
19.25,78,596
19.25,78.25,596
19.25,78.75,596
19,78,596
19,78.5,596
19,78.25,597
18.75,78,597
18.75,78.25,597
18.75,78.5,597
18.5,78,597
18.5,78.25,597
18.5,78.5,597
19,78.75,598
19,79,598
18.75,78.75,598
18.75,79,598
19,79.25,599
19,79.5,599
19,79.75,599
18.75,79.75,599
18.75,79.25,600
18.75,79.5,600
18.5,79.25,600
18.5,79.5,600
18.75,80,601
18.5,79.75,601
18.5,80,601
18.25,79.75,601
18.5,77.75,602
18.25,77.75,602
18.25,78,602
18.25,78.25,602
18.25,78.5,602
18.5,78.75,603
18.25,78.75,603
18.5,79,604
18.25,79.25,604
18.25,79.5,604
18.5,80.25,605
18.5,80.5,605
18.25,80,605
18.25,80.25,605
18.25,80.5,605
18.25,80.75,605
18.25,79,606
18,78.75,606
18,79,606
17.75,78.75,606
18,77.75,607
17.75,77.75,607
17.75,78,607
17.5,78,607
17.5,78.25,607
18,78,608
18,78.25,608
18,78.5,608
17.75,78.25,608
17.75,78.5,608
18,79.25,609
18,79.5,609
18,79.75,610
17.75,79.5,610
17.75,79.75,610
18,80,611
18,80.25,611
17.75,80,611
17.75,80.25,611
17.5,79.75,611
17.5,80,611
18,80.5,612
18,80.75,612
17.75,80.5,612
17.75,80.75,612
17.75,81,612
17.5,80.5,612
17.5,80.75,612
17.5,81,612
17.25,81,612
17.75,79,613
17.75,79.25,613
17.5,79.25,613
17.5,79.5,613
17.5,77.75,614
17.25,77.5,614
17.25,77.75,614
17.25,78,614
17,77.5,614
17.5,78.5,615
17.5,78.75,616
17.5,79,616
17.5,80.25,617
17.25,80,617
17.25,80.25,617
17.25,80.5,617
17.25,80.75,617
17.25,78.25,618
17.25,78.5,618
17.25,78.75,618
17,78,618
17,78.25,618
17,78.5,618
17,78.75,618
17.25,79,619
17.25,79.25,619
17,79,619
17,79.25,619
17,79.5,619
16.75,79,619
16.75,79.25,619
16.75,79.5,619
16.5,79,619
17.25,79.5,620
17.25,79.75,620
17,79.75,620
17,80,620
16.75,79.75,620
16.75,80,620
17,77.75,621
16.75,77.5,621
16.5,77.5,621
16.5,77.75,621
16.75,77.75,622
16.75,78,622
16.75,78.25,622
16.75,78.5,623
16.75,78.75,623
16.5,78.25,623
16.5,78.5,623
16.5,78.75,623
16.25,78.25,623
16.25,78.5,623
16.25,78.75,623
16.25,79,623
16.5,78,624
16.25,78,624
16,78.25,624
16.25,77.5,625
16.25,77.75,625
16,77.75,625
16,78,625
24.25,92,626
24.5,92,626
24.5,91.75,626
24.25,92.25,627
24,92.25,627
23.75,92.25,627
24,91.5,628
24,91.75,628
23.75,91.75,628
24.5,91.5,628
24,92,629
23.75,92,629
24.25,91.75,629
23.5,92,629
23.25,92,629
23.75,91.25,630
23.75,91.5,630
24,91.25,630
24.25,91.5,630
24.25,91.25,630
24,91,630
24.25,91,630
24.5,91.25,630
23.5,91.25,631
23.25,91.25,631
23.75,91,631
23.5,91,631
23.25,91,631
23.75,90.75,631
23.5,90.75,631
24,90.75,631
23.5,91.5,632
23.5,91.75,632
23.25,91.75,632
23,92,632
23.25,91.5,633
23,91.75,633
23,91.5,633
23,91.25,633
22.75,91.5,633
22.75,91.75,633
22.75,91.25,633
22.75,92,633
23,91,633
22.5,91.5,633
22.5,91.75,633
29,77.25,634
29.25,77.25,634
30.25,77.75,635
30,77.5,635
30,77.75,635
29.75,77.25,635
29.75,77.5,635
29.75,77.75,635
29.5,77.25,636
29.5,77.5,637
29.5,77.75,637
29.25,77.5,637
29.25,77.75,637
29.5,78,638
29.5,78.25,638
29.5,78.5,638
29.25,78.25,638
29.25,78.5,638
29.25,78,639
29,77.5,639
29,77.75,639
29,78,639
28.75,77.75,639
29.25,78.75,640
29,78.75,640
28.75,78.75,640
29,78.25,641
29,78.5,641
28.75,78.25,641
29,79,642
29,79.25,642
28.75,79,642
28.75,79.25,642
28.5,79,642
28.75,77.5,643
28.75,78,644
28.75,78.5,645
28.5,78.5,645
28.5,78.75,645
28.25,78.5,645
28.75,79.5,646
28.5,79.25,646
28.5,79.5,646
28.5,79.75,646
28.25,79.25,646
28.25,79.5,646
28.75,79.75,647
28.75,80.25,647
28.5,80,647
28.5,80.25,647
28.25,79.75,647
28.5,77.5,648
28.5,77.75,649
28.5,78,649
28.5,78.25,649
28.25,77.75,649
28.25,78,649
28.25,78.25,649
28.5,80.5,650
28.5,80.75,650
28.25,80.5,650
28.25,80.75,650
28.25,81,650
28,80.25,650
28,80.5,650
28,80.75,650
28,81,650
27.75,81.25,650
28.5,81,650
28.75,80.5,650
28.75,80.75,650
28.75,81,650
29,80.75,650
28.75,81.25,650
28.25,78.75,651
28.25,79,651
28,78.75,651
28,79,651
28,79.25,651
27.75,79.25,651
28.25,80,652
28.25,80.25,652
28,79.5,652
28,79.75,652
28,80,652
27.75,79.5,652
27.75,79.75,652
27.75,80,652
28.25,81.25,653
28,81.25,653
28,81.5,653
27.75,81.5,653
27.5,81.5,653
27.5,81.75,653
27.25,81.5,653
28,81.75,653
28.25,81.5,653
28.5,81.25,653
28.25,81.75,653
28.5,81.5,653
28.5,81.75,653
28,77.75,654
28,78,654
28,78.25,654
28,78.5,654
27.75,78,654
27.75,78.25,654
27.75,77.5,655
27.75,77.75,655
27.5,77.5,655
27.5,77.75,655
27.25,77.75,655
27.75,78.5,656
27.75,78.75,656
27.75,79,656
27.75,80.25,657
27.5,79.75,657
27.5,80,657
27.5,80.25,657
27.25,79.75,657
27.25,80,657
27.25,80.25,657
27.25,80.5,657
27,80.5,657
27.75,80.5,658
27.75,80.75,658
27.75,81,658
27.5,80.5,658
27.5,80.75,658
27.5,81,658
27.5,81.25,658
27.25,80.75,658
27.25,81,658
27.75,81.75,659
27.75,82,659
27.5,82,659
28,82,659
28,82.25,659
28.25,82,659
28.25,82.25,659
27.75,82.25,660
27.5,82.25,660
27.5,82.5,660
27.25,82.5,660
27.75,82.75,660
27.75,82.5,660
28,82.75,660
28,82.5,660
28,83,660
27.5,78,661
27.5,78.25,662
27.5,78.5,662
27.5,78.75,662
27.5,79,662
27.5,79.25,662
27.5,79.5,663
27.25,79.5,663
27.5,82.75,664
27.25,82.75,664
27.25,83,664
27.5,83,664
27.5,83.25,664
27.75,83,664
27.75,83.25,664
27.25,78,665
27,78,665
27,78.25,665
27.25,78.25,666
27.25,78.5,666
27,78.5,666
27,78.75,666
27.25,78.75,667
27.25,79,667
27.25,79.25,667
27,79,667
27,79.25,667
27.25,81.25,668
27,81.25,668
27,81.5,668
26.75,81.25,668
26.75,81.5,668
27.25,81.75,669
27.25,82,669
27.25,82.25,669
27,81.75,669
27,82,669
27,82.25,669
27,82.5,669
27.25,83.25,670
27.25,83.5,670
27.25,83.75,670
27,83.5,670
27,83.75,670
27.5,83.5,670
27.5,83.75,670
27.75,83.5,670
27.75,83.75,670
27,79.5,671
27,79.75,671
27,80,671
27,80.25,672
26.75,80.25,672
26.75,80.5,672
26.5,80.5,672
26.5,80.75,672
26.25,80.75,672
27,80.75,673
27,81,673
26.75,80.75,673
26.75,81,673
27,82.75,674
26.75,82.5,674
26.75,82.75,674
27,83,675
26.75,83,675
26.5,83,675
27,83.25,676
26.75,83.25,676
26.75,83.5,676
26.5,83.25,676
26.5,83.5,676
27,84,677
26.75,83.75,677
26.75,84,677
26.75,79,678
26.75,79.25,678
26.5,79.25,678
26.75,79.5,679
26.5,79.5,679
26.75,79.75,680
26.5,79.75,680
26.5,80,680
26.25,79.75,680
26.25,80,680
26.75,80,681
26.5,80.25,681
26.25,80.25,681
26.25,80.5,681
26.75,81.75,682
26.75,82,682
26.75,82.25,682
26.5,82,682
26.5,82.25,682
26.5,81,683
26.5,81.25,683
26.25,81,683
26.25,81.25,683
26,81.25,683
26,81.5,683
26.5,81.5,684
26.5,81.75,684
26.25,81.5,684
26.25,81.75,684
26.5,82.5,685
26.5,82.75,685
26.25,82.75,685
26.5,83.75,686
26.25,84,686
26.25,79.25,687
26.25,79.5,687
26,79,687
26,79.25,687
26,79.5,687
26,79.75,687
26.25,82,688
26.25,82.25,688
26.25,82.5,688
26,82.5,688
26.25,83,689
26.25,83.25,689
26,82.75,689
26,83,689
26,83.25,689
25.75,83,689
26.25,83.5,690
26.25,83.75,690
26,83.5,690
26,83.75,690
26,80,691
25.75,79.5,691
25.75,79.75,691
25.75,80,691
25.75,80.25,691
25.5,79.5,691
26,80.25,692
26,80.5,692
26,80.75,692
26,81,692
25.75,80.75,692
25.75,81,692
25.5,81.25,692
26,81.75,693
26,82,693
26,82.25,693
25.75,81.5,693
25.75,81.75,693
25.75,82,693
26,84,694
25.75,84,694
25.75,84.25,694
25.75,84.5,694
25.75,79,695
25.75,79.25,695
25.5,78.5,695
25.5,78.75,695
25.5,79,695
25.5,79.25,695
25.25,78.5,695
25.25,79.25,695
25.75,80.5,696
25.5,80.25,696
25.5,80.5,696
25.5,80.75,696
25.5,81,696
25.25,80.5,696
25.75,81.25,697
25.5,81.5,697
25.75,82.25,698
25.75,82.5,698
25.75,82.75,698
25.5,82.5,698
25.75,83.25,699
25.75,83.5,699
25.75,83.75,699
25.5,83.5,699
25.5,83.75,699
25.5,79.75,700
25.5,80,700
25.25,79.5,700
25.25,79.75,700
25.5,81.75,701
25.5,82,701
25.5,82.25,701
25.25,81.75,701
25.25,82,701
25,82,701
25,82.25,701
25.5,82.75,702
25.5,83,702
25.25,82.75,702
25.25,83,702
25.5,83.25,703
25.25,83.25,703
25,83.25,703
24.75,83.25,703
25.25,80.75,704
25.25,81,704
25.25,81.25,704
25.25,81.5,704
25,81,704
25.25,82.25,705
25.25,82.5,705
25,78.5,706
24.75,78.25,706
24.75,78.5,706
24.75,78.75,706
24.5,78.25,706
24.5,78.5,706
24.5,78.75,706
24.25,78.75,706
25,82.5,707
25,82.75,707
25,83,707
24.75,82.5,707
24.75,82.75,708
24.75,83,708
24.5,82.75,708
24.5,83,708
24.5,83.25,708
24.25,83,708
24.25,83.25,708
24,83,708
31.25,79,709
31.25,79.25,709
31,78,709
31,78.25,709
31,78.5,709
31,78.75,709
31,79,709
31,79.25,709
30.75,78.25,709
30.75,78.5,709
30.75,78.75,709
30.75,79.25,709
31.5,79,709
31.5,79.25,709
31.25,79.5,709
31.5,79.5,709
31.75,79.25,709
31.75,79.5,709
31,79.5,710
31,79.75,710
30.75,79.5,710
30.75,79.75,710
30.75,80,710
30.5,79.25,710
30.5,79.5,710
30.5,79.75,710
30.5,80,710
30.25,79.25,710
30.25,79.5,710
30.25,79.75,710
30,79.25,710
31,80,710
31.25,79.75,710
31.25,80,710
30.75,77.75,711
30.75,78,711
30.25,78,711
30.25,78.25,711
30.75,79,712
30.5,78,712
30.5,78.25,712
30.5,78.5,712
30.5,78.75,712
30.25,78.5,712
30.25,78.75,712
30.5,79,713
30.25,79,713
30.5,80.25,714
30.25,80.25,714
30.25,80.5,714
30.25,80.75,714
30.25,81,714
30,80.25,714
30,80.5,714
29.75,80,714
29.75,80.25,714
29.5,80.25,714
30,80.75,714
30.75,80.25,714
30.5,80.5,714
29.75,80.5,714
30.5,80.75,714
29.5,80.5,714
30,81,714
30.25,81.25,714
31,80.25,714
29.75,80.75,714
30.5,81,714
30.75,80.5,714
30,81.25,714
30.75,80.75,714
30.5,81.25,714
31,80.5,714
29.5,80.75,714
29.75,81,714
30.75,81,714
31.25,80.25,714
30.25,81.5,714
30,81.5,714
30.25,80,715
30,79.5,715
30,79.75,715
30,80,715
29.75,79.75,715
30,78,716
29.75,78,716
29.75,78.25,716
30,78.25,717
30,78.5,717
30,78.75,717
30,79,717
29.75,78.5,717
29.75,78.75,717
29.75,79,717
29.5,78.75,717
29.75,79.25,718
29.75,79.5,718
29.5,79.5,718
29.5,79.75,718
29.5,80,718
29.5,79,719
29.5,79.25,719
29.25,79.25,719
29.25,79.5,719
29.25,79.75,719
29.25,79,720
29,79.5,720
29,79.75,720
29,80,720
28.75,80,720
29.25,80,721
29.25,80.25,721
29,80.25,721
29.25,80.5,721
29,80.5,721
29.25,80.75,721
27,88.25,722
26.75,88.25,722
26.5,88.25,722
27,88,722
26.75,88,722
27,87.75,722
27,87.5,722
27.25,87.5,722
27,88.5,723
27,88.75,723
26.75,88.5,724
26.75,88.75,724
26.75,89,724
26.5,88.75,724
26.5,88.5,724
26.25,88.75,724
27,89,724
26.75,89.25,725
26.75,89.5,725
26.5,89.25,725
26.5,89.5,725
26.5,89.75,725
26.75,89.75,725
27,89.25,725
27,89.5,725
27,89.75,725
27.25,89.5,725
26.5,89,726
26.25,89,726
26.25,89.25,726
26.25,89.5,726
26,89.5,726
26,89.25,726
26,89,726
25.75,89.5,726
26,88.75,726
25.75,89.25,726
26.25,88.25,727
26,88,727
25.75,88,727
25.75,88.25,727
25.5,88.25,727
26,88.25,727
25.75,88.5,727
26.25,88.5,727
26,88.5,727
25.5,88.5,728
25.25,88.5,728
25.25,88.75,728
25.5,88.75,728
25.25,89,728
25.5,89,728
25,88.75,728
25,89,728
25.75,88.75,728
25.25,89.25,728
25.75,89,728
25.5,89.25,728
25,89.25,728
24.75,89,728
25.25,88,729
25.25,88.25,729
25,88,729
25,88.25,729
24.75,88,729
25,88.5,729
24.75,88.25,729
24.75,88.5,729
24.75,88.75,729
24.5,88,730
24.25,88.25,730
24.25,88.5,730
24,88,730
24,88.25,730
24,88.5,730
24.25,88.75,730
24.5,88.25,730
24.5,88.5,730
24.5,88.75,730
24.25,89,730
24.5,89,730
24.25,87.75,731
24.25,88,731
24,87.25,731
24,87.5,731
24,87.75,731
23.75,87.25,731
23.75,87.5,731
23.75,87.75,731
24,88.75,732
23.75,88.25,732
23.75,88.5,732
23.5,88.5,732
23.25,88.5,732
23,88.5,732
23.25,88.75,732
23.5,88.75,732
23.75,88.75,732
23.5,89,732
24,89,732
23.75,89,732
24,89.25,732
23.75,87,733
23.5,87.5,733
23.75,88,734
23.5,87.75,734
23.5,88,734
23.5,88.25,734
23.25,87.75,734
23.25,88,734
23.25,88.25,734
23,87.75,734
23,88,734
23.5,86.5,735
23.5,86.75,735
23.25,86,735
23.25,86.25,735
23.25,86.5,735
23.25,86.75,735
23,86.25,735
23,86.5,735
22.75,86.5,735
23.5,87,736
23.5,87.25,736
23.25,87,736
23.25,87.25,736
23.25,87.5,736
23,86.75,736
23,87,736
23,87.25,736
23,87.5,736
22.75,86.75,736
22.75,87,736
23,88.25,737
22.75,87.75,737
22.75,88,737
22.75,88.25,737
23,88.75,738
22.75,88.5,738
22.75,88.75,738
22.5,88.75,738
22.25,89,738
22.5,89,738
23.25,89,738
22.75,89,738
23,89,738
22.25,89.25,738
22.5,89.25,738
23.25,89.25,738
22.75,89.25,738
23,89.25,738
23.5,89.25,738
22.25,89.5,738
22.75,87.25,739
22.75,87.5,739
22.5,87.25,739
22.5,87.5,739
22.5,87.75,739
22.25,87.25,739
22.25,87.5,739
22,87.25,739
22.5,87,740
22.25,87,740
22.5,88,741
22.25,88,741
22.5,88.25,742
22.5,88.5,742
22.25,88.25,742
22.25,88.5,742
22.25,88.75,742
22,88.25,742
22,88.5,742
22,89,742
21.75,88.25,742
21.75,88.75,742
21.75,89,742
22,88.75,742
21.75,88.5,742
21.5,88.5,742
21.5,88,742
21.5,88.25,742
21.75,88,742
21.5,88.75,742
21.5,89,742
21.5,89.25,742
22,89.25,742
21.75,89.25,742
21.25,88.5,742
21.25,88.25,742
21.25,88,742
21.25,88.75,742
21.25,89,742
21.25,89.25,742
21.5,89.5,742
21.75,89.5,742
21.25,87.75,742
22,89.5,742
22.25,87.75,743
22,87.5,743
22,87.75,743
22,88,743
21.75,87.5,743
21.75,87.75,743
21.5,87.75,743
